Id, OrderId, ItemId
0328a27a-5434-4e34-bb88-392e8056d1ff,eac22cd5-0d28-4f0b-b9b4-a86211f6d469,0fd3e00f-7cd1-487a-9825-79ed9f5e3537
c0199734-8c60-4e92-8c71-309ba3a08294,f166e095-7dd9-48bc-933b-818018da5383,38c0f7d1-209a-4c2c-bfc3-971d69026cdd
dda0208e-247c-4904-9161-14bc3e04b099,0b9ce89e-1c61-4162-a226-2e1c47dcabf6,60614c53-6366-49f2-964b-288fb65913ac
1f657bc6-d15e-44c8-b6ee-9775f20d89b8,ecfd61ab-4ad5-42b5-8f52-2ed6393c74d0,849d7d40-d561-4dda-ade3-7201c9c34e6c
6dfb658d-dff6-4bb2-9653-12c63f19ba27,540ca7a7-3810-4a0b-8342-78dd7d9af53d,f280d742-04e0-41d3-8196-ead83639adff
9a14ba50-0382-459d-b4e1-7c1e7c007d4e,eb76e658-8de2-45fa-9984-a25175a90731,f280d742-04e0-41d3-8196-ead83639adff
2eb2ce77-9a3d-4b8d-a2f0-f92c8911e95d,4d5ff4fb-e045-44a8-94f7-696814e5156f,352d54d2-2738-426e-9c69-002ba460b889
a2440401-f5c9-4e00-82a1-b47234c4ffd3,1a1fc451-4d97-4916-bd28-3cc4829cc3e8,419ec59b-6fa8-48a9-af1f-feabb587ba01
38c7d52a-d471-4de4-a37a-f97ed33d34c3,af8197bf-9aed-4791-b815-75246d05f2d2,1981967f-8444-4537-be9a-f7def3018d3b
1f7942c5-be49-407d-a972-95580335db1e,657135a8-258b-491f-9864-1cc3a06b0cbc,316c21f6-23cd-479d-ac99-b6fd16e05738
f3344b34-dec1-4980-9ba0-6b3a7090cc75,e3122e3b-e545-466d-9e5e-f10832512562,3418c9b9-23e7-490a-9320-a5afd8f11a5a
d7922e97-8bac-4366-91e8-348c7fb47c46,cab4fbf3-2bc5-41e0-b9f2-97594910fd40,618ecc3c-a001-469f-a71e-6b3f8e5002b1
10e2c6b0-78bf-44c4-9614-9c6adb09dbfa,62066737-5288-42ea-9d7b-e1e71593194c,0ed48f08-0bdf-400f-9c76-c47e690e4c04
bb8b295e-be80-4056-8b66-301df37604a3,daf53447-c724-4dbe-9ce5-b0100e132a71,f9813df8-1c27-45cb-b0b8-46ca9e8c83ea
02447179-c233-4d93-9abe-2fcba78c91c9,ed29fe6c-010a-4dc7-bd0e-743a3407bd8a,3418c9b9-23e7-490a-9320-a5afd8f11a5a
45bad964-b49c-4526-adab-9b2bbc6d3319,281084f3-f360-4758-9d6a-868966445446,3418c9b9-23e7-490a-9320-a5afd8f11a5a
5b1ef9de-31d1-49d4-9526-5a6f5e967e40,973b4ba1-862c-4204-96a4-8d9074305ee4,63ad918f-609e-4deb-963c-eca934c40b8c
07958f71-6807-403f-b269-a49641b10bbd,be6eb67d-1e58-4f86-bdee-bb6f3bfa054d,fdccafaa-9600-4446-b199-d892c73e594b
b450ba1b-caf4-41d1-b307-fd4123d55c05,332307a0-4775-48b5-92ea-d078aabc1132,b6a4ff9b-9fea-4044-b850-d53f0c22480a
46f472ce-afeb-4a82-b53e-0d323647ee22,47954796-af07-4646-b199-5e98ef971651,b6a4ff9b-9fea-4044-b850-d53f0c22480a
f3194402-db05-43d0-84b5-c236d887a3dd,915e3515-47d3-4309-8b38-df967479ba4b,0fd3e00f-7cd1-487a-9825-79ed9f5e3537
94ff6639-f7e8-4970-b6d7-802a4980d4a9,8f27a275-9af8-4f21-bbdd-624725333b97,3418c9b9-23e7-490a-9320-a5afd8f11a5a
f8bbfb2c-eabf-458c-b4a6-ac287f3b88d2,7b7e4fd1-2ed5-4c50-bbd0-952275cf64b8,0e08c606-153a-4cca-bb2e-de198a2856ea
83351964-ec19-460d-a88e-930e16ca5984,ef1f7928-5cf2-4a19-8a79-cb0c0adfe930,0ed48f08-0bdf-400f-9c76-c47e690e4c04
e424c4a6-3bfb-415d-9de0-6b78c80ff017,1d181c08-dbcd-4253-ae07-df62335d3551,8d411c02-a66c-4701-94c8-fc58923bd074
5734f3bf-0575-4be6-89ef-3ead0593f9a0,e1fcf6c2-4d23-4a62-bb53-f64ae4d0aada,34b20e75-410e-47bf-84b4-05ce5ccd0f54
a83968ca-baa6-4f7b-9bc0-47aea2722a8b,d45ac9ca-44e0-44f0-aa76-0f32783a1b48,f9813df8-1c27-45cb-b0b8-46ca9e8c83ea
f53b8053-3cfc-4f1b-896b-ee0938705b24,27894dfb-17f0-4d4a-9674-047029dd0969,849d7d40-d561-4dda-ade3-7201c9c34e6c
fdd8743a-ec9f-4f81-b097-16eedba54ca0,eb734afd-f6ef-4bed-873f-66b4275878f7,9564b1d2-aa5e-4a59-ab22-1eeff7e4a0ac
6612d689-4a6b-43c2-b4f6-c59d6c7fca36,b4033f6e-060a-43d9-aa4e-8e913f33409d,9220cef2-6608-42e2-89bf-a93f333a7f74
ed6ecda0-37ac-472e-b238-2366632de9a7,d8a6a91c-ffec-481d-9f1d-e5beebe1101c,60614c53-6366-49f2-964b-288fb65913ac
8a8fe924-212c-4600-a5a1-5cccc3ed6536,469f2d0f-411e-4b27-a7e3-99acdcd1f92b,c0ba3712-b398-445a-8ca3-307a17e40a71
f89458fa-7196-4874-b804-52220f8d57c6,130e1437-a035-4d96-9d78-cc4a36e04605,b6a4ff9b-9fea-4044-b850-d53f0c22480a
15c4c205-948c-4ca5-90ae-dc3284d9dea3,4c04383f-74e6-4614-9520-761570c4ae45,352d54d2-2738-426e-9c69-002ba460b889
00ba3e43-2c99-48ce-9fb8-125d21a1ad19,e71d1b84-92cb-4555-a05a-b9dac1aaac03,9564b1d2-aa5e-4a59-ab22-1eeff7e4a0ac
568835a5-edd2-4ba0-b331-9d26c0b2d32e,bdb3d17e-bf6b-4f2a-859b-87b3ded74d93,352d54d2-2738-426e-9c69-002ba460b889
33149dd0-e3d4-402a-855a-f2ff27df9d12,b920ffff-8a51-4773-a8a6-6e9783b0167f,63ad918f-609e-4deb-963c-eca934c40b8c
a21c50ac-afe0-4956-a954-29ab106d8925,75c673a0-9566-4b11-8abd-95687eda34c1,316c21f6-23cd-479d-ac99-b6fd16e05738
fd87aadd-cbeb-45e3-8d06-74458532e14d,8729eca7-498e-4f55-8736-e91cdbed4d01,785b808f-fea3-4ca6-83ca-7dd8fa18612b
d33faae7-cde9-47d7-ade1-3a2acd8202cc,14178225-fc7b-454c-8110-1434479b66ec,419ec59b-6fa8-48a9-af1f-feabb587ba01
b2d9994f-8015-4c23-a935-b7bbeadbee37,2be188f3-ac19-49ed-84c1-954c36d630a0,38c0f7d1-209a-4c2c-bfc3-971d69026cdd
4233ebba-71ca-49d6-91bd-646a64372797,a0f43469-604e-4803-91d0-ad6f47a9c730,18cd8728-f5eb-435e-94a4-878b56f33826
5f7b40c1-762f-40ca-af64-9d6f60db08e4,71354804-260b-4e32-90f6-c5b99c57745e,0fd3e00f-7cd1-487a-9825-79ed9f5e3537
4a9122c0-b482-4d4c-a97e-f1fd2f8417e4,d73c67ce-47c2-436e-8e55-037d5a145914,0fd3e00f-7cd1-487a-9825-79ed9f5e3537
27b5f1e7-61ce-41a3-80d6-96543bb4279f,36b31f94-56af-4de4-abf7-113e3bb478bf,352d54d2-2738-426e-9c69-002ba460b889
6057048d-1d91-4801-8e7e-c3eebc145e1d,8e8f234f-a284-4d65-ae27-cb24e18a3900,618ecc3c-a001-469f-a71e-6b3f8e5002b1
288975b9-8b55-416a-ad82-cad2c0ab903f,d0a02097-e87a-4d23-a885-fbc38053c346,9564b1d2-aa5e-4a59-ab22-1eeff7e4a0ac
0b286fba-9359-4c71-b803-b53736492ccf,79a34606-5276-4cc0-94f8-6a9706c2ee8b,316c21f6-23cd-479d-ac99-b6fd16e05738
abf62e4a-30fa-444a-967b-211656380c3d,379396b5-22d3-456b-9d9e-82325eab92b2,0fd3e00f-7cd1-487a-9825-79ed9f5e3537
db88d0a6-b431-4b6d-957c-4fc01b4e9528,cbcff396-71cb-435c-aca7-d3c414e87d71,a8b8a1dc-1b41-4790-b9d3-b1da059f2d89
