Id, Name, Gender, Age, BirthDate, Address
f5d3a39e-ae67-41be-8883-e4ba5152a014,최시우,Male,13,2011-03-03,대구 강남구 47길 47
bdf885dd-dc35-4cc2-975c-929e0e523742,최준우,Female,70,1954-11-01,대구 남구 7로 7
11bac646-3d84-4b57-b3b9-f65ff0e9d339,김지유,Female,50,1974-05-25,인천 관악구 41로 41
e8baf77f-19fd-4d46-ad41-a88a9ff8f16f,이도윤,Male,39,1985-12-07,부산 용산구 100로 100
80aba3af-552a-4c47-85a5-e54d3496ddce,정준우,Male,45,1979-07-04,광주 서구 33로 33
6db00fcb-05e2-415a-8b34-400b41bee7ff,강하윤,Male,34,1990-12-09,광주 관악구 91길 91
0f7d9ea0-362e-474f-bcc6-a5c415216351,박서윤,Male,59,1965-02-16,광주 동구 75길 75
d4900cfb-08e6-46aa-9499-34e6bdf3c1df,박민서,Male,31,1993-09-28,대구 북구 96길 96
816ee362-cbb4-4207-aa88-3ece2f858c4c,윤시우,Male,11,2013-08-30,대전 관악구 21길 21
021642d0-23b5-4999-9e32-241daa22cd6e,박하은,Female,41,1983-06-16,인천 서초구 8로 8
55db8f26-a893-4e21-8b0e-300711c67526,장서현,Male,65,1959-01-30,대구 서구 40길 40
36bf9ef7-3c43-4c47-a1ee-39321641a601,박지유,Female,58,1966-08-21,인천 동구 18길 18
ef38e5de-13d2-420e-8ecc-77925847bea0,정하준,Male,9,2015-01-31,서울 강남구 25길 25
f9481ff7-a48a-4953-9eac-c5baba0e381e,이지호,Female,48,1976-05-07,대구 관악구 60로 60
d914969f-0c60-413f-bb5e-457735402bcf,최준우,Female,20,2004-03-28,인천 용산구 50길 50
e6b978a0-d901-4291-830e-bc84053e7d03,최지후,Female,15,2009-03-09,부산 북구 77길 77
4e0bd208-6357-495b-b615-897c5f0642eb,강준우,Female,24,2000-12-12,인천 동구 36길 36
4e1e9aea-d489-4b9f-8e10-87badd8c9115,박서연,Male,63,1961-11-04,대구 서구 54로 54
2b5f75e2-2093-486d-9143-32a8a36e82fc,정지후,Male,23,2001-04-07,대구 남구 24로 24
7c3a58d1-e6c1-4bc9-ae84-b87896236540,이지민,Female,26,1998-01-13,대전 유성구 74로 74
19b0bdce-e618-470f-8223-07a69de5b0ef,장지우,Female,20,2004-07-20,인천 동구 77길 77
ee15821d-ffcf-49d2-9d70-886ef697689a,김예준,Female,74,1950-10-13,부산 동구 3로 3
f1bb5104-a4af-4d5f-8618-d1ac954cab36,김민서,Male,53,1971-07-15,대전 서구 17로 17
fb304424-6362-447c-afd8-58e0711bc8ba,조주원,Female,65,1959-03-25,대구 동구 100길 100
1d6a5f70-ac67-4955-a67e-b07d40668265,이주원,Male,56,1968-06-29,서울 강남구 81로 81
d9e9213b-af28-48d9-bd64-a77a81638222,윤윤서,Female,72,1952-03-03,대전 유성구 40로 40
b91e32d1-7ef4-4374-977a-77a083b0e343,윤준우,Female,53,1971-12-22,광주 서초구 53길 53
6ec57292-8eea-40fa-a8ad-a50903f562bf,임예준,Female,51,1973-03-27,인천 유성구 91로 91
3dd50140-3c41-4b2b-bc42-1b1e536d4e0d,이서현,Male,56,1968-11-06,대전 서구 56로 56
cc74c9e3-a32e-457e-86f1-89b9837e1c0b,강지유,Male,13,2011-04-01,서울 북구 49길 49
8e4b116a-a65f-485c-869f-09dc98b53e0b,임하준,Female,15,2009-12-21,부산 남구 76길 76
241590f2-9f1b-4a12-a80d-5bf9fb597cad,윤지후,Female,61,1963-08-03,부산 서초구 39길 39
c764e4d9-fc73-4b71-a0ca-3d2deab56ab1,최하은,Male,14,2010-01-01,광주 서초구 65길 65
ccdfa9fc-4753-4f88-9c63-3688f3f167f4,조서연,Male,70,1954-02-23,대구 관악구 30길 30
26f0903c-44e8-4e35-b2a4-0374fd008565,장예준,Male,74,1950-01-03,대구 유성구 98로 98
ebc40a5f-56e8-4123-9a63-59391da7eb21,정도윤,Female,55,1969-04-09,서울 서구 16길 16
0319449e-0248-4e25-b1ca-b7b2af65a9ba,강준우,Male,72,1952-04-14,대전 강서구 62로 62
3906325a-9ac6-4397-8fc6-842d51d16d6b,강지호,Female,68,1956-09-26,대전 강남구 86길 86
e99f7cee-a617-4c32-9a69-c604e19e0d14,윤하은,Male,52,1972-06-21,서울 남구 73로 73
5f1c1946-7749-4b09-bf39-73d36dd94872,임서현,Male,23,2001-10-30,서울 서초구 32길 32
23313918-05ff-43e1-8bcd-acd53d5d59b2,박지후,Female,22,2002-02-27,서울 강남구 47길 47
b1ce6aca-20cd-4a48-be45-57d2cfa1aded,최서윤,Male,40,1984-01-18,서울 동구 57로 57
88e5b25c-0c2d-4d56-a442-43bdde4e32de,조준우,Female,61,1963-11-06,인천 남구 91길 91
730755ef-faff-4b3b-9b82-7235d9ec26d1,임서현,Female,74,1950-11-08,부산 서초구 25로 25
1eeffa0c-e953-428f-8066-ae2bd4350bb7,박지호,Female,73,1951-03-20,인천 관악구 10로 10
711e5c96-e8dd-4b35-ac8e-d18c5d565869,강지후,Male,50,1974-09-09,대구 북구 14로 14
600a38d4-4a2e-4260-8554-a925c701326f,윤서윤,Female,44,1980-06-06,대구 용산구 26로 26
8ffd1980-8c2d-45d2-8f32-2e0c5c4862c0,윤민준,Male,57,1967-02-01,대구 강서구 25로 25
08324edf-5032-4617-89b8-b5e035fbb4e0,윤지호,Female,60,1964-07-04,대전 강남구 81로 81
a085bef9-107a-4a23-97bb-5aa2566c1a72,조준우,Female,41,1983-08-22,인천 동구 19로 19
c07d7e97-e127-4fee-bed7-2476fd59f628,조예준,Male,29,1995-01-17,서울 북구 60로 60
6a6cf5e8-29d3-45c6-adb4-6b7715553910,임서윤,Male,32,1992-02-26,서울 서구 34길 34
bcd288fc-8504-497a-9bec-acb5a6ab7dcc,이지우,Male,13,2011-03-10,인천 강남구 88길 88
fc4e0b57-244d-4184-a5d0-53f8a243b635,박서현,Female,24,2000-10-18,대구 남구 74로 74
08ec8da5-cafd-4395-9069-795453bfe76b,임지우,Female,41,1983-11-09,부산 동구 55길 55
ab9ed0e3-3bba-4488-8361-d54b571ae863,윤시우,Male,46,1978-01-05,서울 관악구 36로 36
d4a938ad-3e6a-41d0-ab14-63e174ace068,장주원,Female,17,2007-04-29,광주 관악구 66길 66
0614565c-9cb1-489b-9df5-a390c105e87b,조예준,Male,68,1956-07-30,서울 서구 54길 54
b4ae725e-7957-46d4-a441-1c0c4040ef8d,박서연,Female,51,1973-07-28,부산 강남구 40로 40
bf66eae8-3af5-4e8a-906b-8cbcc9182306,임준우,Female,53,1971-03-27,대구 유성구 68길 68
37d93837-aab9-4e48-9c05-fb1c918a262a,이예준,Female,60,1964-05-06,인천 남구 56로 56
27ad8e50-9777-429e-a5f9-1247787ef619,임서준,Male,68,1956-06-12,부산 남구 21로 21
d2730ca6-e421-40fe-95a0-66aecf28f2cd,정서현,Male,48,1976-06-26,부산 강남구 2길 2
2d790c0f-34e1-4d01-ab55-49b3bfc1b701,김지후,Male,52,1972-05-15,광주 서초구 85길 85
5bd254cc-36ba-437b-a1cf-95f420314d99,강서연,Male,58,1966-02-17,인천 관악구 92길 92
3aa3d266-8df8-46be-a64e-aa78aeb19dd7,윤서준,Male,28,1996-08-29,대구 동구 26로 26
782b270e-1f23-4d34-b712-242a1d1cfbeb,장주원,Male,15,2009-05-21,대구 서초구 11길 11
c08b037b-8ace-4f1b-82d2-b9b40f84039f,강하윤,Female,31,1993-11-30,광주 강남구 58길 58
9a4ce731-6f2f-442f-8cb9-4c965c7476db,조서윤,Male,57,1967-04-07,대전 서초구 45길 45
abbab98e-8296-40ae-82e8-6cce9145e7d2,임준우,Female,15,2009-08-14,대전 동구 59길 59
257f20ea-7eef-400f-aa3c-49c564347f20,박도윤,Female,20,2004-02-23,인천 동구 41로 41
451373c9-1aad-4c93-993e-3b97f5459082,강하윤,Male,22,2002-03-06,인천 북구 60로 60
ccc5dfcf-8592-4d98-8fac-fcd6dc54eb57,조서현,Male,46,1978-11-13,대구 강남구 41길 41
8e45dc24-b3d3-459b-8659-95e23f1c6d95,김서준,Female,12,2012-07-06,광주 서초구 27길 27
3db9fe6f-abaf-466d-8242-1698d08a948e,강지후,Male,41,1983-07-22,부산 강남구 100길 100
12559cfe-df24-446d-a828-8ad72b146b5c,윤주원,Male,17,2007-05-11,대구 서초구 3로 3
3ccbfad7-1e5d-40ef-86b5-3bf55880809d,이서윤,Male,16,2008-12-10,서울 강서구 1길 1
88d95105-8703-4851-aa35-788976a7e46d,최주원,Female,10,2014-08-19,대전 관악구 43길 43
1e619e23-3e1b-49bf-b6ac-0f8edf9ab2d5,강서윤,Female,60,1964-04-09,부산 동구 71로 71
9e549ace-fe7a-45d3-b359-651862a51803,정준우,Female,17,2007-08-26,인천 남구 3로 3
9d9f5ea9-5142-4369-9475-4814cda27220,장지민,Female,14,2010-12-09,대구 서초구 65로 65
a749b7d2-6690-4292-a9ab-619b9d26f52f,최하은,Female,18,2006-05-15,대구 유성구 53길 53
a099e4f0-798a-4ee0-831e-5ff66df726e8,박주원,Male,34,1990-10-02,서울 강서구 55길 55
8b0c9b02-8d77-4bdf-a8b0-b4271585c9d0,임윤서,Male,17,2007-08-23,대구 용산구 88길 88
3839cc1a-dbfb-4f89-8360-371cb97cf181,김지유,Female,25,1999-04-20,대전 용산구 47로 47
d1b3af7b-79f8-4a8b-976d-55c486af5611,김도윤,Female,44,1980-11-20,대전 서구 21길 21
376827f0-86dd-4af4-8831-34643efc5fdb,조민준,Male,51,1973-05-13,부산 강서구 84로 84
e74fac90-ac7c-42fc-b90b-4de9c1895de8,이지우,Male,38,1986-06-22,광주 서초구 85로 85
e77907fe-ca68-449e-b2bb-71c333fad68c,김하윤,Male,11,2013-02-01,인천 용산구 29로 29
c81632ff-b8c2-40f2-93fe-8aaaf1bbc383,조준우,Female,16,2008-04-24,대구 서구 96로 96
9ffd4dbd-e805-4ece-ab31-a470d316e2c6,윤하준,Female,58,1966-03-12,서울 서구 57길 57
46253ca2-d71a-4eee-911e-05dda7301cb6,장시우,Male,9,2015-09-29,인천 서구 100길 100
b4c303fc-0eb2-4490-b075-13f415ef0eab,최주원,Male,42,1982-12-04,부산 강서구 87길 87
4951b758-e9a2-480e-afbc-374d5f4470e7,김하윤,Female,25,1999-03-22,인천 동구 54로 54
ec67eb50-4207-417f-ab97-3c03188e34a1,박민준,Female,57,1967-09-01,대전 강남구 97로 97
bf10056d-2c17-4ae5-afc7-974326e82831,이민서,Male,59,1965-05-20,인천 강남구 55로 55
b69978ea-b4a6-4034-b2a9-d2f8326ed796,정민서,Female,39,1985-06-07,광주 용산구 59로 59
0aaeca35-e3d1-4bf6-b785-4a424ebbfc94,조하윤,Male,61,1963-11-20,서울 서초구 34로 34
fc78dcb5-3469-4775-afe2-bb6e17ad62c9,정도윤,Male,46,1978-06-26,인천 동구 30길 30
c2964645-200a-43ca-8998-eff74c16f7a6,김지유,Female,49,1975-06-05,대전 동구 87길 87
7b64f640-d3f1-4065-80f2-4e168f70f316,임서윤,Female,59,1965-10-11,광주 남구 59로 59
3718213e-6078-4c3b-8690-962d108f8bc9,정민서,Male,39,1985-10-15,광주 관악구 36로 36
0fec6806-a35a-4355-bbfa-044dab066fb4,정도윤,Female,54,1970-06-01,대전 서초구 19길 19
adda30d0-88d4-4a7a-958b-e84122dbd929,강지후,Female,61,1963-08-13,서울 강서구 64로 64
88dfebfc-0283-43d4-9ba1-5b62eb345a1c,조윤서,Male,15,2009-01-25,대전 서구 31로 31
87f121f3-2bf1-4b64-9b1d-fc2f571a755b,강지유,Female,58,1966-09-22,대전 서초구 94로 94
731b6da6-f154-48b3-9b9e-639a36d6c8ab,윤서현,Female,9,2015-10-01,대구 유성구 44길 44
8b73a261-0ae0-4816-9429-e5706a01d81d,임도윤,Female,52,1972-04-20,서울 강서구 95길 95
58e56fab-30c8-4e4a-93ff-405f87146797,박시우,Male,13,2011-02-22,대전 강남구 34길 34
9abd28ea-313b-44d7-9bae-cd2427bf8a84,정하은,Male,13,2011-04-06,광주 유성구 8길 8
6d168bb6-7ad2-49ed-b44b-1c6520db2831,임서준,Female,11,2013-12-15,인천 강서구 70길 70
927c7079-7517-4627-9386-a50acc9a090b,강지후,Male,62,1962-03-02,서울 북구 87길 87
fa241f68-28b1-44ed-8e42-434c1e0ade39,장지후,Male,44,1980-04-24,서울 용산구 40길 40
bdc707d7-2243-414d-85b5-7c8893294864,윤예준,Male,10,2014-06-04,대전 북구 81로 81
53f9d14b-33d6-4e80-8bc9-071775440f37,강윤서,Female,29,1995-12-21,광주 강서구 8길 8
66f3a877-9253-4493-a569-5eac3d2c5049,장하윤,Male,54,1970-03-16,광주 유성구 95길 95
4868df58-0782-44cd-a5f9-5eb8412ccabe,김지후,Male,49,1975-09-29,대전 북구 90길 90
7a50ad5d-faa2-4ca2-94b3-32819a7381e3,조서준,Female,14,2010-04-24,서울 용산구 17길 17
cf4efaae-6a39-49c4-a460-74f72511df37,김지우,Male,48,1976-11-18,인천 서초구 17길 17
d024ba73-5852-4be1-a1b0-5454f1c4ee98,강민서,Female,45,1979-05-31,부산 관악구 45길 45
480c2564-06fb-4399-9768-2256e1bc2b40,박민서,Male,74,1950-11-16,대구 유성구 12길 12
a1917fb6-792c-40db-b858-f62e1cf1b6f7,이지유,Female,42,1982-03-17,광주 동구 66길 66
326c8e46-de24-4144-80e6-ce664cfd003b,윤서윤,Male,46,1978-09-07,대전 강서구 40길 40
cfe40f0e-d231-4df1-85d9-629656f3dbe5,최지유,Female,51,1973-01-10,서울 남구 66길 66
a474b201-972a-4b68-9100-ef224d06deab,강도윤,Male,19,2005-05-31,부산 서구 6로 6
5a968d6e-21a8-4f6f-9385-56058aae944f,강윤서,Male,54,1970-08-20,인천 용산구 81로 81
e9b7e006-06cf-4aa4-9f92-c9052b146dc7,강서준,Male,25,1999-04-23,인천 용산구 78로 78
b6404b51-2b94-4c36-8a5d-f72f20532bd5,박하은,Female,56,1968-06-15,인천 관악구 27로 27
e2a7459d-89d1-4e1b-b044-5265962123a8,최지민,Female,40,1984-01-21,인천 유성구 92길 92
125cd6a0-8264-4e5d-910d-46e5553d974f,김지우,Male,61,1963-06-08,대전 서초구 97길 97
c1b72cec-5b57-41b1-a114-2541b52b91dd,강민준,Female,52,1972-12-24,광주 용산구 47로 47
5f518f99-f44a-47b3-886e-75fcd1df94d8,임하준,Female,47,1977-05-11,광주 관악구 54로 54
28e0c3bf-adb5-483d-9128-5f88ed13deb3,장예준,Male,65,1959-04-16,대구 유성구 97길 97
2e123acd-b120-4636-b0cd-1d5639d969bb,정준우,Male,14,2010-09-09,인천 용산구 96로 96
796c2b26-07f6-4651-9df6-a4996fff3be9,임하준,Female,64,1960-09-28,부산 유성구 61로 61
74a91879-dcfc-4f08-9857-afad971051f3,최지유,Female,10,2014-11-13,광주 강서구 97길 97
8b0705ed-5221-42f6-b812-f06138fda512,정지유,Female,16,2008-02-09,대구 북구 99로 99
c47ef99b-8402-4dfb-a446-114fbc01efed,최민준,Female,31,1993-05-02,대전 관악구 51로 51
1ff6fab2-84ed-4b6b-8dce-214ca5ebf6ce,최준우,Male,37,1987-07-19,대구 남구 31길 31
1f76d521-54eb-4d21-8888-0c77ddf59b1e,조민준,Female,73,1951-09-03,대전 서초구 90길 90
3f4f8446-2eeb-4ffd-b055-f64681647835,조서준,Female,53,1971-12-27,인천 서초구 64로 64
b400a16e-540f-4efe-b5a5-bab63ccc5a4b,정윤서,Male,37,1987-05-02,대구 남구 24길 24
083fc1f8-4542-44b1-b79c-a5043a7b0648,이주원,Male,62,1962-09-06,대전 서구 99길 99
6a78540f-978f-4492-a27d-3932a8096b94,이하준,Male,74,1950-06-15,광주 서구 43길 43
a821e91a-8707-4cdd-a607-0fabd26df14a,윤주원,Male,59,1965-10-08,인천 북구 13길 13
8b8689ed-784c-47f4-97a5-36ddc7085d3f,정예준,Female,26,1998-09-14,광주 남구 4로 4
2438b76a-df5f-42b8-9c90-a41261dfc9df,윤예준,Female,20,2004-01-07,인천 관악구 91길 91
ba5e86ad-bae8-48fa-853a-f177b9c03a83,윤지우,Male,44,1980-09-20,인천 북구 32로 32
d198f0b9-d2c4-457c-a4af-166b9b36b0ac,윤지후,Male,74,1950-10-12,대구 용산구 45로 45
8c972ec5-d178-48a7-9f6d-025cb6bf82c3,강서윤,Male,47,1977-09-01,인천 관악구 48길 48
669c5f2f-2f13-4063-b0ed-8b034ae5ce79,장도윤,Male,14,2010-10-04,부산 강남구 6길 6
cf9eb5ec-f00b-43b3-81fb-dc61598d07b4,임준우,Male,37,1987-12-06,부산 용산구 12로 12
69ea409c-9a01-4c9e-afc1-54590ffc28eb,임지후,Male,33,1991-03-20,대구 용산구 26길 26
d64bc565-e58a-4404-bcec-843ef6db5a38,이민서,Male,16,2008-08-11,서울 서초구 52로 52
e8dcc611-7fda-477f-9d26-65d280af0a86,최민서,Male,12,2012-12-12,부산 남구 53길 53
143f765e-77ac-4b6a-abd4-7088a8293726,윤주원,Male,44,1980-11-09,서울 용산구 36길 36
5935641e-b3c4-463d-8784-b8182e36b5ed,장하윤,Male,59,1965-08-21,부산 서구 81길 81
5c68c67a-b03e-4e1b-9d5f-42b3d020df8f,윤윤서,Male,32,1992-09-16,서울 서초구 40로 40
3031b2f5-f4f8-484d-a7cb-b7685595d033,임도윤,Male,58,1966-09-09,광주 강남구 71길 71
1780ba54-ffb7-4f5d-8e74-589550c4cc27,윤하윤,Male,68,1956-04-06,서울 서초구 20길 20
73777a52-61fc-4688-961b-beb1fc7f5414,최윤서,Female,70,1954-10-22,대전 용산구 100로 100
3069b4c0-6341-4735-a90c-1941d56edd62,정하은,Female,38,1986-05-10,인천 북구 24로 24
869598d6-fb77-49b4-91b1-7e7e992ed9d3,임윤서,Male,58,1966-11-13,광주 유성구 29길 29
6225fc88-3338-4761-9842-b93166fa3eb3,임서준,Male,48,1976-08-07,인천 서초구 64길 64
6b02629d-a9d0-432f-ae28-593a5011790c,임예준,Female,34,1990-05-09,대구 강남구 11로 11
09b9f62f-3316-46e3-b314-aa851dbfdae1,최서연,Male,66,1958-01-22,대전 서구 61길 61
cfce7ac8-1146-4860-a0cb-757b8b66619d,정민준,Male,28,1996-08-10,대구 남구 89길 89
09509f08-51e1-4d81-8487-e13e7280a331,이민서,Female,63,1961-05-20,서울 북구 48로 48
eed44bc3-3527-45a2-aaa9-67dc48069dc3,강시우,Male,46,1978-12-21,대전 서구 30로 30
b63dd999-f5d2-4fd9-ac29-b25d7323997f,박지민,Female,72,1952-10-26,서울 서구 56로 56
a4461fe0-da10-467f-a4d7-6b8746b3f0f4,조윤서,Female,19,2005-10-07,인천 강남구 88길 88
bb25c5b6-c8ce-4e42-acbc-64e2fcf2170c,박지유,Female,70,1954-01-26,광주 북구 61로 61
d1014062-ff4a-4d24-b63d-ee6125067133,조민준,Female,31,1993-12-07,대구 관악구 56로 56
629d8c21-14ef-443a-a679-31f6fb86890a,장지후,Female,49,1975-09-27,인천 서구 16로 16
be39ec7d-568b-43bc-b179-d752393b4976,박민서,Female,61,1963-10-06,대전 북구 42길 42
013ad93a-3362-4ccd-917f-c66b15e2a4c1,강서윤,Male,63,1961-10-10,대전 서구 67길 67
fb5df66d-5832-42b3-9b6f-b684417a8801,박지우,Male,60,1964-05-22,부산 동구 63로 63
d2b6228e-efa0-4f6b-b9c9-47eb7e8d055d,최지후,Male,62,1962-12-11,광주 용산구 1로 1
61ded40b-78e7-407c-9c21-44c5649dc0b0,조시우,Male,28,1996-02-12,광주 남구 80로 80
0da5843d-d1f8-4033-930d-a720e664ab71,강서준,Male,46,1978-07-17,서울 강남구 89로 89
d22281ce-2a44-41dd-9723-be88a49d786b,조예준,Female,61,1963-09-13,광주 북구 19로 19
65ea0815-b75a-47dd-a978-3528d160c584,김시우,Male,55,1969-08-10,대전 북구 21로 21
825d9c5e-1264-49cc-81d9-67b0c28be6db,이서현,Male,49,1975-11-20,부산 서구 57로 57
23c942da-d4de-4331-8e00-34ba338ed8f2,이예준,Male,62,1962-06-01,부산 강남구 99길 99
58152f1a-43c7-457b-bc44-c39e580f5f92,김하은,Female,20,2004-04-06,대전 유성구 55길 55
0d7f347d-572d-4916-adcb-0f31c3cfec3b,최준우,Female,32,1992-09-19,대전 유성구 31로 31
f45535e8-490c-422f-a645-6ce08f849beb,장지후,Male,38,1986-08-01,대구 북구 45길 45
2cd98356-6d8f-405f-a76e-b03a5d509c0f,조지우,Male,20,2004-07-22,인천 북구 85길 85
9b072f54-4eb2-4a13-a96b-9101da5ec215,임민서,Male,72,1952-02-02,인천 강남구 56로 56
b36544f7-7ea8-4c38-b25e-537cc5912003,장서연,Male,27,1997-02-06,광주 북구 7로 7
c6ceeef1-e3be-4c6e-92db-c6f39db0d9e0,정하은,Female,52,1972-08-28,서울 강서구 90길 90
99b26ad6-3c2b-436a-a1cc-c6b0636512ba,임지민,Female,10,2014-11-09,인천 서초구 6길 6
fd3a9570-23de-4e21-9af2-b08b1445e477,박서현,Female,51,1973-07-02,인천 관악구 79로 79
1794419f-647a-456a-be53-d37a36fcf07d,조민서,Female,43,1981-01-28,대구 동구 41로 41
8a892470-1fc6-4f1a-8f66-996356415694,윤윤서,Female,62,1962-01-14,대구 유성구 32로 32
18ae48a1-87f8-4982-abdd-eb88eeef4065,최지유,Female,40,1984-04-21,광주 서초구 9길 9
d434dd95-96fd-44a3-a85f-076516471107,윤하준,Male,33,1991-07-11,부산 유성구 85길 85
d27c3211-ed21-4342-bbd9-b9d8d24a3f70,정지후,Male,74,1950-08-01,부산 강남구 38길 38
67615e6b-7e21-4f8d-9c3d-fa68bd1c2a4a,박서준,Male,25,1999-02-01,대전 남구 4로 4
2a2253e4-6959-4b3c-acb2-6133de7b3dc9,강준우,Female,38,1986-04-25,대전 용산구 67길 67
c8c248d4-3349-48fa-9102-9ae1cfcf6716,김하은,Female,52,1972-03-14,서울 강서구 97로 97
2d257976-c81d-4482-8a3d-99372d070c1f,장준우,Female,22,2002-08-02,대전 북구 96길 96
ea1c6b02-8088-41d7-8e14-ef64b2ff4620,강도윤,Female,55,1969-09-13,서울 서구 52길 52
9de34b53-8ecf-4fef-b143-c1f2b89134c2,정지민,Male,24,2000-08-14,부산 용산구 85길 85
f17d1598-b48a-4660-ab16-88b1d4f93700,조준우,Female,59,1965-11-28,대구 동구 83길 83
383681b0-971b-4a05-81a1-009b0a43f701,임지우,Male,33,1991-09-30,광주 유성구 87로 87
e9a42c36-1a95-4272-bdaf-96b5df29a282,최서연,Male,73,1951-09-03,광주 서구 58길 58
cfc08a6b-2680-466a-815e-49e581e4efe1,윤하은,Female,27,1997-12-13,광주 서초구 24길 24
376a749b-8e76-4bf7-94bc-0cf810fe9872,정지우,Male,58,1966-04-28,대구 북구 61길 61
d5d402e3-c970-436b-b6a6-17a961a0c019,조서준,Male,29,1995-07-10,서울 서초구 36로 36
56015898-a8f3-4daf-a3e2-0d196f9957ca,윤시우,Female,13,2011-02-09,대전 유성구 96로 96
004f01e2-462a-42ed-93b8-4bc5b1a9e541,임준우,Female,23,2001-12-29,대전 관악구 31로 31
010b5fc6-7454-49a6-9ad2-c6a41f57570f,이지유,Female,53,1971-02-14,대전 동구 91로 91
f3de0395-65a0-44c0-b009-4dade4fd5b9b,박서윤,Male,62,1962-01-24,서울 관악구 43길 43
a0e13a6d-a178-4204-a075-dc6342fc1114,장서연,Male,22,2002-01-31,부산 서구 88길 88
878704c6-bf67-48c5-94d4-84ab929e8d9b,조윤서,Female,40,1984-06-18,광주 서초구 57길 57
3eec0ca9-2bfd-4867-8b3b-601f2aab2e58,장민서,Female,38,1986-01-15,서울 서초구 34길 34
60948f8b-d99b-4c35-918a-04d8d995ac7d,최지유,Male,11,2013-03-01,서울 유성구 44로 44
6dabfb04-fa19-4452-bbd5-bf219db121e2,장도윤,Male,44,1980-10-07,대구 서초구 22길 22
ba066e75-df87-4ca7-9922-24b22ae219ab,김민서,Female,59,1965-11-26,부산 용산구 73길 73
7872e1b3-a0b0-4d15-96a3-66dee45fcd3a,최민서,Male,19,2005-07-28,인천 유성구 76로 76
625a46f0-9ce8-4c79-9059-c4d9dfd63d89,최민서,Male,21,2003-12-28,부산 서초구 78로 78
700db745-a5e6-4480-8bec-c9de3278ebca,강서윤,Female,47,1977-04-10,대전 북구 31로 31
224a7da2-4989-43c7-98e0-225359a82e49,박하윤,Male,15,2009-01-17,인천 서구 82길 82
747d74e6-efa6-4bec-9e15-182814cccbbe,정지민,Female,62,1962-05-01,부산 관악구 75로 75
38936f5a-86f5-4ed2-9b4c-394e7b2d5c81,윤민준,Male,37,1987-01-01,광주 용산구 7로 7
45d1776b-2412-4c82-b796-1b10b98a59e4,강주원,Female,52,1972-09-12,대전 관악구 33길 33
76344fb4-b641-49fa-8609-dc62fcf8e4ec,최민준,Male,68,1956-09-30,부산 동구 12로 12
a2a01595-f590-42fe-b4c4-8e8fe78c9086,강지우,Male,60,1964-06-03,서울 남구 45로 45
25e8507c-c1ec-45e2-b98e-7df3889938a2,최지후,Male,72,1952-07-16,광주 관악구 33로 33
9cd0ca80-d15a-4d3f-b2a1-17d354a693f8,강서준,Female,13,2011-08-17,인천 강서구 67길 67
c4a10782-c599-4a89-8a8d-142bad89dc79,박하준,Male,71,1953-07-11,대전 서초구 23로 23
8ded7e44-e7bc-4226-9d20-59062e8f1dd6,임하준,Male,21,2003-05-31,서울 서구 35로 35
fd63484c-e359-40a1-9b93-a25a1303ebaf,정지민,Female,52,1972-03-11,서울 서초구 9로 9
91f7cc53-a2d1-4cc3-bf39-2688538f2ece,박지민,Female,74,1950-03-14,대구 동구 4길 4
a3cade73-14bb-4318-a23d-907a7394ede4,윤서현,Female,45,1979-05-24,서울 유성구 69로 69
9c391054-780c-4fab-80fc-53fd7cc5ff1a,임서윤,Female,27,1997-06-20,대구 관악구 5로 5
2a5e2520-83e0-44a3-b795-00c00e16d176,조주원,Female,36,1988-07-12,서울 남구 63길 63
100ea7f1-333e-498a-a690-90c9b5b69135,김지호,Female,67,1957-01-26,대구 서구 72길 72
c214122e-2e98-4d09-88a9-f71840891741,이민서,Male,64,1960-12-07,광주 관악구 59로 59
78db09ad-52b5-4045-8583-41a86c153402,강민준,Female,22,2002-06-22,부산 남구 44로 44
fb38b32f-ea98-4f89-bcea-d9938dc6581b,임지후,Female,32,1992-06-03,인천 용산구 74길 74
beeda764-3a2e-40a2-b448-4b84f2468c0b,박하은,Female,14,2010-04-15,부산 강남구 51로 51
2c824b18-5cf9-4acf-a391-6fbe0d6630ef,임민서,Female,39,1985-05-19,서울 관악구 6길 6
151cb32f-717b-48cb-b2e1-1abfb4fba5e2,박민준,Male,58,1966-04-17,대전 용산구 96길 96
50f4383a-8f91-4e9a-825b-e72464d3792f,박도윤,Male,33,1991-10-18,대전 강서구 99길 99
17d2d875-4bc5-4e60-8995-2758cec3e677,강지후,Female,58,1966-05-10,부산 강서구 96로 96
f9b01807-843b-45df-bf59-c60877a0d755,정윤서,Female,27,1997-02-27,광주 북구 11로 11
1e91480b-8cd5-4de6-bbca-dc4cd575ef2d,정시우,Male,24,2000-07-13,광주 유성구 23길 23
01c75cf4-6c43-490f-aa55-6a135900a06b,박지유,Female,41,1983-08-20,서울 서초구 51로 51
a5cc9ad0-a63b-446f-9bbe-01c28d3d8df9,김하윤,Male,52,1972-08-31,대구 강남구 51로 51
e3710a64-cdb4-41cc-b88b-bcfde740cbc0,장지유,Male,67,1957-08-14,서울 서초구 37로 37
c79e479a-61aa-4655-bbb4-de2155c77d98,박하은,Male,19,2005-03-12,서울 유성구 53길 53
bb191726-4c05-4fe7-896c-57b05367effc,정지우,Female,39,1985-08-19,광주 유성구 53로 53
56213d92-efeb-4cd2-a4c8-f296cf36ca8a,장예준,Male,25,1999-03-09,대구 서초구 9길 9
c680500d-702a-4135-a05b-811c81e69c0c,최서준,Female,53,1971-07-01,대구 강남구 12길 12
9be9bd8b-21ff-4dd3-9be9-85543c309093,임지호,Male,15,2009-11-15,광주 북구 26로 26
292f3be5-97ae-4efd-aba7-3a1cca6532de,장민서,Male,73,1951-02-13,광주 관악구 48로 48
766603c1-1745-48dd-bb74-1e05cd01c29f,윤도윤,Male,59,1965-09-10,서울 북구 23길 23
a1380095-f9dd-4bda-a732-dd6a101734f1,강하준,Female,34,1990-08-21,광주 강남구 59길 59
927428d4-d9ea-4531-9445-86810bc738cb,장시우,Female,30,1994-03-08,서울 용산구 34길 34
ead9dc5c-166a-4236-a115-d2e8198a358b,김민서,Female,23,2001-08-27,대전 강서구 25길 25
2ba3889b-972f-4c32-857a-fd0d4261fb9b,강도윤,Female,34,1990-01-05,대전 서초구 69로 69
878abc78-0af1-4e1a-889f-641271d6f43e,조지호,Male,50,1974-12-08,광주 강남구 19로 19
c87f7133-112f-421c-a577-5c02d472b37f,임시우,Female,30,1994-02-07,인천 관악구 84길 84
505cf4d7-8c41-4ff1-aa4e-dbffebbd43e9,박민서,Female,58,1966-08-13,부산 유성구 49길 49
a2e90d49-20e9-4e2e-b920-367bcb397b9a,강지유,Male,10,2014-07-29,광주 남구 28길 28
619ed56e-de1e-4126-a777-8ddfd6019f25,강하윤,Male,30,1994-02-20,광주 서구 21길 21
8b9585c0-ec06-48a3-8107-d7d3054fe512,최민준,Male,52,1972-07-28,인천 서초구 83로 83
cfc0a5dd-9c82-444c-95da-82f65e9e5543,정서연,Female,26,1998-11-02,광주 강서구 22길 22
c0b889a8-b34f-44ba-8a84-fdbd355dc5d2,김지유,Male,44,1980-02-07,대구 강남구 99길 99
e643f0e2-6f90-474b-9973-e0a15111dbd3,임시우,Male,61,1963-10-24,광주 서초구 39로 39
65ebbd42-b497-4e60-92e6-da4dc97333fa,박서연,Female,61,1963-08-09,대전 남구 60길 60
3d3d6ffd-057b-4c66-a029-58e4bf2a910b,강하준,Female,32,1992-11-13,광주 남구 2길 2
6ab73f2a-069d-442d-acee-979351d512fa,김준우,Male,20,2004-03-24,인천 북구 34로 34
920f2144-2a03-4e4f-8537-f03437a7d3c3,조서준,Female,34,1990-04-01,광주 동구 27로 27
ef8f89cd-b8f0-4350-a171-6d0833c27457,박지후,Male,47,1977-02-20,서울 남구 97로 97
20e318ed-813a-4d67-beaa-d151d08a0460,장지민,Female,61,1963-08-23,대전 북구 76길 76
406553d3-b11f-4666-bd5f-95c31614a80b,김민준,Female,26,1998-02-15,인천 유성구 14로 14
e0307e82-759c-4859-800f-49e7377ce7e8,임서윤,Male,70,1954-04-07,대전 강남구 46로 46
6e5679ac-79c8-40a0-83f4-264a87037d5e,최지민,Female,60,1964-12-01,부산 동구 1길 1
fb183c59-a37f-45d9-bc4a-d4e0ce70ad23,강준우,Male,35,1989-07-26,대전 용산구 67로 67
d58d9941-6e5b-4cbd-8adc-cfe44cc763cd,김민서,Female,34,1990-08-10,인천 관악구 6로 6
ded08c62-5be8-4c3b-b80c-48556ee3902a,이서연,Female,46,1978-10-11,서울 강서구 39길 39
e29c4ccf-c91b-47a7-87f8-21959ea44dc7,임하윤,Male,13,2011-03-11,대구 용산구 90로 90
5264585c-f2d4-488c-9c04-9b0741626157,장지유,Female,10,2014-02-02,광주 동구 49로 49
ab949da4-ddc7-4518-898d-e0a75ca7cd07,임서윤,Female,54,1970-11-20,광주 용산구 92길 92
792a78cb-b097-402e-88f5-3d80a2be3225,장지후,Male,23,2001-07-14,인천 서구 19로 19
ebaf5ffb-aea3-4fc3-b1d6-f73004f24f63,박주원,Female,9,2015-07-23,인천 용산구 3로 3
704c9683-912c-44fb-8a57-ee88debb903b,김민서,Male,35,1989-01-16,대구 관악구 66로 66
2d6d514b-5fbf-4696-8214-def3ddc251d8,박하윤,Male,30,1994-10-06,부산 강남구 46길 46
05352daa-886f-4ee2-bf2a-f50c7aa9ebbb,조하은,Female,38,1986-09-02,부산 북구 90로 90
8e353c80-324d-472d-a502-4f55743ab316,임민서,Male,10,2014-07-04,서울 유성구 20로 20
ccb7826c-82e3-4898-bfd3-94b62143a357,윤지후,Female,18,2006-07-05,대전 서초구 100로 100
37bd109c-5734-4295-aa01-b3f352ec2776,박지호,Male,44,1980-06-16,서울 용산구 83길 83
7d4547a6-0150-4efe-943d-95e2f76b408e,김지호,Female,46,1978-01-18,인천 유성구 69로 69
6d903b32-8ddf-4a32-90b1-3a7f29c6cf54,윤윤서,Male,55,1969-05-04,인천 서구 4로 4
0addfde2-ab29-4f2b-8992-3fb8e3bd21e9,박시우,Male,28,1996-06-18,광주 서초구 32로 32
568e709e-84f3-45a3-a241-5ae1ae2f7eef,강지후,Male,42,1982-12-03,대전 북구 61로 61
0ac7ddb9-2c7c-4afe-ba5a-d4a9a14ee9b9,김민준,Male,25,1999-01-14,대전 동구 86로 86
876a7f11-5132-4e0a-85a4-d12962b113ea,윤지유,Female,12,2012-02-17,광주 관악구 100로 100
2fcce38d-d9ad-4ec9-9e98-8a855c079d75,윤주원,Male,35,1989-10-25,광주 북구 28길 28
7f4bd68b-caea-4d16-a021-b9ef1bcd24c6,김예준,Male,70,1954-08-28,부산 서초구 64로 64
b2d9a016-08b2-46fe-8cc2-97e451d6193e,윤지우,Male,11,2013-03-07,서울 서초구 91로 91
afccce0b-7fd8-427c-96c0-8c15e5a26fbf,박하윤,Male,31,1993-01-02,대전 서구 11로 11
8883610d-e01f-4be9-8fde-f352a29a1c06,최지우,Male,66,1958-08-16,대구 서구 21로 21
84d1d642-a0ac-48a9-b992-931fb4bfb9b8,정하윤,Male,38,1986-01-17,인천 강서구 20길 20
d26f3bb3-478c-49e2-a7e0-7ec7a068d7ac,조지호,Male,31,1993-09-20,대전 서구 81로 81
8a1a4485-f19b-470f-9ccc-050698220455,최준우,Male,63,1961-09-10,대구 북구 24로 24
3212bf97-29f6-4155-9a10-b106de9942e9,조지민,Male,39,1985-11-27,대구 서구 53로 53
f9770707-1440-40da-ba9f-f06f0567e337,정시우,Male,31,1993-08-31,대전 유성구 83로 83
15380b24-c4d8-46f3-93ea-c8a71e431a17,최지우,Female,20,2004-12-26,부산 강서구 76로 76
19f9d52e-75cc-4d34-910e-f65c95871f66,정하윤,Female,67,1957-12-21,서울 서초구 62로 62
39a9d360-766e-4ca0-9694-1a7df3e3ff3e,강민서,Female,11,2013-04-15,대전 용산구 69길 69
3f337e8a-772e-45d2-a43c-fe687ffa4f93,정준우,Female,72,1952-01-09,대전 용산구 66로 66
6de512ac-3c73-4201-a71e-9d42c6311a22,정윤서,Female,44,1980-12-21,부산 동구 25로 25
997bff4d-b71c-4931-a8d1-613f24ca1c4b,강서연,Male,54,1970-05-16,대전 서초구 74로 74
0e9fb08a-32f4-46c9-ac53-6387a89fb419,이지호,Male,36,1988-11-28,대구 서초구 96길 96
547aaaad-4677-46f5-bea5-840defe41487,임서현,Female,41,1983-03-24,인천 서구 33로 33
6b4e46e0-b040-48e1-9f05-6ede51e95e5a,장도윤,Female,17,2007-05-28,광주 북구 33길 33
f1a4813e-4e0f-4ca4-bfbe-40c9eeba90fc,정주원,Male,60,1964-02-06,광주 서구 16길 16
c42520c0-da73-4a8a-bc83-557b8dbb5745,이하은,Female,22,2002-10-02,대구 북구 21길 21
29cd9f10-d839-4506-bb20-19a489ab3d48,김지유,Male,43,1981-03-05,서울 강남구 24길 24
a03cb4df-0779-4af0-9b67-2390cd1b5394,정민서,Male,25,1999-11-16,부산 관악구 50로 50
e6cc7d50-400e-43f6-b6d0-63158bd626f2,정지호,Female,20,2004-05-05,광주 유성구 34길 34
10a2e6e5-022b-442e-b9c4-d4967e9c75e9,장하준,Female,73,1951-04-03,대구 유성구 57로 57
946b0371-3755-4444-b667-968d0297408c,이도윤,Female,57,1967-06-21,대전 관악구 27로 27
201ecfd1-6ccd-47b5-a7c3-9f75fb14bfbe,최시우,Female,26,1998-12-13,인천 유성구 18길 18
6c76cc46-5394-4663-9dda-9b4a1ccdfdb1,강지유,Female,57,1967-09-28,대전 남구 47길 47
dce0e82e-2244-4104-9c1a-723028dd9ac0,이서현,Male,68,1956-07-17,대구 남구 64길 64
e39a4692-af7d-4a70-bd20-867c9e83ea00,임민서,Female,12,2012-03-04,대전 강남구 75길 75
4e23b8fa-9d34-4bbf-9811-9a45442ba925,최주원,Male,49,1975-11-01,대전 동구 59로 59
c3ff8346-b7cb-4173-a693-5a815815feb9,정지호,Female,59,1965-05-22,서울 서초구 28길 28
5ded8000-80d5-4f34-94d6-edfb4d8ad0f1,강하준,Female,62,1962-09-07,부산 강남구 51로 51
391e4755-5114-44cd-b3e5-8a4b34a77242,김하윤,Female,48,1976-03-16,인천 강남구 22로 22
d0684bf9-7447-4695-b47d-db4ae0a13d75,이서현,Female,17,2007-06-29,부산 남구 84로 84
720eac5b-2fdf-4735-bbd3-5ea7ec576789,윤서준,Male,71,1953-02-12,대구 용산구 67길 67
137446ae-6788-4e40-82f1-16792c32223f,임지후,Female,67,1957-04-19,대구 관악구 56길 56
3d1e72f3-25d2-4177-9e36-375ef9d22e1f,임서연,Male,21,2003-03-07,부산 동구 11로 11
0011dbb0-6dc5-4946-a7e4-2e6a692987ef,윤하준,Female,39,1985-05-04,대전 동구 49로 49
14247440-d8a9-401f-b4e9-13076bf3d4dd,강준우,Male,10,2014-05-17,대구 서초구 17로 17
ea2aa760-2b86-4e34-9243-e1f488e66949,조지민,Male,54,1970-02-11,광주 북구 80로 80
07db8733-861f-44fc-8109-cf698fa822f5,박하준,Female,43,1981-07-08,대전 동구 95길 95
2616409e-20b7-457e-bad3-6f29ce822646,이하은,Female,13,2011-03-07,대구 강남구 4로 4
25478bea-02e4-47c8-829d-e8e0a6ab0318,강지후,Female,19,2005-09-03,광주 강남구 29로 29
a5252065-bb3a-4f76-a558-14a030d7b038,이민서,Female,11,2013-09-03,서울 유성구 69길 69
8f0c6b26-7f56-4ccb-b182-27d4b6863a69,이하은,Female,39,1985-11-02,인천 강서구 74길 74
314c0bb2-a323-47fd-8a6e-583e69ede9bf,장주원,Male,40,1984-04-29,인천 관악구 96길 96
1c6a7575-0bca-4acb-aaf9-7f2a42ec03ee,박시우,Male,59,1965-08-27,광주 북구 80로 80
9bb28981-848b-4623-bcab-c7a265d7741b,최지민,Male,16,2008-06-22,부산 북구 29로 29
d414900d-c7b8-4ccb-974e-fc2643a520c6,조하윤,Female,71,1953-03-26,대전 유성구 79길 79
5e3d37c8-0119-40b9-8e24-f569d5482389,조도윤,Female,21,2003-05-11,부산 강남구 81로 81
cc1da486-f419-44a4-9d10-d171d7f33f01,최주원,Male,65,1959-09-10,대전 강남구 12로 12
0f13b40d-b3da-4c43-936c-b4352de209f9,윤예준,Female,67,1957-02-11,대전 유성구 81길 81
5d974678-d8c0-4360-9456-3c5eab3fdc56,조예준,Female,36,1988-05-21,대전 유성구 97길 97
ec51e0d4-9acd-48c4-93c2-c0ca285452e3,김시우,Female,73,1951-10-06,인천 남구 63로 63
4a8d65ac-328d-440a-9515-4e2a0e2c2c07,임윤서,Female,54,1970-04-07,대구 북구 70길 70
bc798d10-3ce6-48da-aef1-300313e291e4,최민서,Male,37,1987-10-02,인천 용산구 17로 17
f9080321-b741-41c3-829e-c270d1336c2d,박서준,Male,45,1979-03-05,인천 강남구 30길 30
306e0200-30c8-4539-8fa9-fa307177d219,박서윤,Male,50,1974-11-26,광주 남구 45길 45
67f2095d-a229-42bc-b669-6d48cba5a768,임도윤,Male,67,1957-07-14,인천 관악구 99길 99
31fcc3a1-fa7c-4654-9e78-3b82fe00a5f9,김하준,Male,48,1976-09-21,서울 용산구 92로 92
1f8a59a7-3c62-40d9-940a-d34d97b55ef8,김하은,Male,46,1978-06-27,부산 강서구 90로 90
fa4fe07f-6ff7-4bd1-99a6-eb64fffbcd1f,이도윤,Male,25,1999-10-06,서울 서초구 10로 10
b97e6f0a-5432-4789-9ebd-4335c6390b9d,이지민,Female,69,1955-05-28,부산 서초구 85로 85
56ea3649-8656-4bc6-be27-6155e23af5d6,조준우,Female,27,1997-06-10,광주 남구 72로 72
8567c7d6-90a6-408f-b86d-5090ab1a521b,강지호,Male,61,1963-09-04,인천 유성구 5로 5
aaef9913-92c8-4f32-b7cb-70a1517a50e2,조윤서,Male,21,2003-04-27,부산 서초구 15로 15
fe4cf4b0-8563-49c5-b3a2-64ed68442de4,정서윤,Female,70,1954-09-19,광주 북구 41길 41
4ae328f4-2df7-470b-bf7b-0c5cb5815d2e,김하윤,Female,59,1965-04-29,부산 유성구 20길 20
380e903d-b45a-495e-a3cb-e11686b37add,임하준,Male,18,2006-11-22,광주 남구 62로 62
09b7bf85-6118-41e2-80f2-0d7912b6c582,최윤서,Female,43,1981-02-10,대전 유성구 58로 58
08bdd2a6-0555-4cb5-9e42-8ec28af33daf,이민서,Male,45,1979-01-10,인천 서초구 35로 35
f3ea2164-50d9-47bb-a4b0-b3c811140a5e,장서연,Female,44,1980-03-17,부산 용산구 40길 40
ddb05938-6858-45ee-ba2f-da42b41a90a5,장서현,Female,74,1950-03-16,광주 강서구 79길 79
2878786c-9a21-4c87-a66e-47dd747d958d,임도윤,Female,61,1963-10-15,광주 관악구 4로 4
18e2988e-31c1-4a2d-b942-c7637b8b5ad1,박하준,Male,31,1993-05-25,인천 서초구 63길 63
09e205eb-e53c-4d86-80bc-b1125b889ac4,강서준,Female,50,1974-07-03,대구 관악구 94길 94
fea5ca78-679a-48ed-a3d1-e3c4b94af1ab,박서윤,Female,58,1966-12-16,대구 강남구 79길 79
c03b6aae-8678-4572-bccf-22ad15694969,임하윤,Male,71,1953-09-07,서울 서구 64길 64
4f35d7f4-314f-4794-bb9d-70af8a243f17,김예준,Male,54,1970-12-29,인천 관악구 59길 59
618e33fc-9c23-4845-9aa9-03a0e009eabe,이지호,Male,30,1994-10-09,인천 강남구 32로 32
d0ea5733-b6b6-408f-bf25-e48945fb9a34,윤서현,Female,30,1994-05-17,광주 남구 68길 68
1d97f144-f5bb-4816-b966-ef90a9a0cbeb,임지우,Female,45,1979-01-01,광주 북구 52길 52
46533bf2-fed0-4b07-ba06-50f14a1bc693,강민준,Female,29,1995-10-11,서울 강남구 79로 79
daa77bbc-afdc-4721-b3fc-961796b33c16,최지우,Female,64,1960-04-02,대구 용산구 67로 67
a0d45dff-3c8d-4e57-9ddd-19a5fe8e1602,정지호,Female,16,2008-12-23,광주 유성구 9로 9
5ac37db7-de14-4f5b-88ec-2cca329b1ced,최하준,Female,16,2008-10-05,광주 강남구 64길 64
6633d310-5112-4cae-9c33-5b34d8786939,윤서준,Female,23,2001-02-07,광주 서구 32길 32
008d95ca-809b-4b95-bfd1-f6a15c3e5ef6,김하준,Female,48,1976-07-05,부산 관악구 75길 75
8f9de069-030b-4257-9eb9-76db8596f879,박하은,Female,36,1988-09-14,대구 남구 100길 100
15a51857-9ba9-43b4-834b-19ae87c2e7df,강지유,Female,44,1980-12-08,대전 강남구 43로 43
c660f871-7060-4d66-97f7-7a88035c1205,박예준,Male,61,1963-11-01,광주 강서구 19로 19
3e9199c3-b566-47b4-b47d-26422a4c9a3f,임서준,Female,9,2015-06-12,광주 남구 83로 83
43ac76a1-d2a2-462c-bd19-ce8b76c2dec1,박시우,Male,62,1962-05-16,대구 동구 42길 42
aedde725-69eb-407b-8f09-d2feda91aa52,장시우,Male,32,1992-03-15,대전 용산구 64길 64
78d8f089-7d67-491e-bb80-dd24f1541dfe,임하윤,Female,19,2005-09-01,인천 강남구 82길 82
9b7d9ccf-4e1d-484b-b789-df1445d766be,최서현,Female,51,1973-10-06,인천 남구 87길 87
6a658819-a0e9-45de-84e5-f204b9a6d7db,조민준,Female,63,1961-10-09,대전 강남구 88길 88
9bdba2d4-3dcd-4722-a413-30d6c4531b1a,임하준,Male,62,1962-09-17,부산 강남구 53길 53
f56c7996-099d-491f-88b6-f807e688f8e4,윤지유,Male,68,1956-02-18,인천 용산구 33로 33
722f1695-e76f-4c66-89a5-c40d6d5a649c,임지호,Male,15,2009-11-13,광주 유성구 94길 94
2207affb-a959-476b-8855-47dc545b5246,이서현,Female,53,1971-03-04,인천 유성구 87길 87
21fcc0ee-6595-454d-816d-c25c46ecd8cf,박지유,Female,54,1970-01-17,대전 관악구 19길 19
6794dc0e-8b42-42f5-833a-9fe7c7e605f9,임시우,Male,67,1957-10-11,서울 서구 90로 90
a34bd4df-15a4-40d1-b415-1812f4eae7cb,최예준,Male,63,1961-01-15,인천 유성구 50로 50
d1c0d8b4-5c35-4405-acf8-9fddc849fedf,박하윤,Male,61,1963-01-24,인천 관악구 44로 44
852e20f4-fb50-46d4-a3da-8cbd6f8acd8b,장민서,Male,54,1970-07-12,인천 강남구 16로 16
7d081db8-2094-491b-af9f-39959cf33103,강준우,Female,70,1954-12-24,부산 서초구 97길 97
e507e4f8-40e8-4a80-af29-5171665bf498,김서연,Male,65,1959-08-09,광주 서구 32길 32
e03835cd-5e3c-4863-a0b0-9fc3bcc3d074,김예준,Female,59,1965-03-11,부산 서구 92길 92
48935270-9cb6-4c99-97aa-3fc93f0245ad,이시우,Male,43,1981-12-07,서울 남구 34길 34
3f3d2bc5-8f64-4922-9a45-2bceb57b85b5,김준우,Female,47,1977-11-18,부산 서초구 50로 50
f17b77f1-c99a-4d18-8da2-4af2ebd7f7e9,이하준,Male,21,2003-03-07,대전 동구 81로 81
28559aee-6aec-480b-88df-d98ce2323fc9,박윤서,Female,30,1994-02-23,서울 남구 64로 64
c7b7c553-bd5a-416d-876e-ac033148cb5e,윤준우,Male,47,1977-10-11,대전 용산구 77길 77
9ef66160-ec90-4ebb-8c6e-0286bb765bd5,김하은,Male,13,2011-05-16,부산 남구 43로 43
50a1bfe8-92d2-4331-b713-0b848d93984c,이예준,Male,18,2006-10-01,인천 북구 12로 12
18fe36fa-c38d-4fb8-abf4-0387067d3607,최민준,Male,74,1950-07-17,부산 북구 78길 78
abb19489-48cb-45c2-9508-98f9acb75e97,김지우,Female,26,1998-02-27,대전 동구 63로 63
f0a1172e-a5e1-47b3-866c-64ffe338917b,최도윤,Female,65,1959-08-08,서울 동구 44길 44
ba912599-02b9-4d36-a705-57f953c0616b,윤지우,Female,43,1981-03-05,대전 유성구 95로 95
84151816-d290-49f3-94d4-c4d0225ebba2,장서준,Female,12,2012-05-30,대구 남구 84길 84
f2521cd7-80e1-46bd-a648-a0c01af02d01,장하준,Male,56,1968-03-23,서울 강서구 40로 40
54f5e02e-ef21-4a2b-8f47-4ed8aa061d8e,장하은,Male,36,1988-01-20,서울 유성구 78로 78
a3a21fdf-48fa-4400-8ccb-10b17ed82d2e,윤도윤,Male,65,1959-06-06,대구 강서구 71길 71
9ac0f42d-87cf-449e-913b-e6131e1afd67,이윤서,Male,31,1993-04-28,대전 서초구 7로 7
3f0b4d87-7496-438e-9a6c-0de8f0d23e81,윤서현,Female,49,1975-07-25,부산 강남구 60로 60
597ccf8c-b398-4651-bed9-fefc941d6318,이윤서,Male,43,1981-05-09,서울 강남구 71로 71
bd565ed3-7e06-441e-aa52-82951121ec9c,김주원,Male,59,1965-03-04,대전 서초구 87길 87
9e5e9299-23bd-4675-a16d-716dd5dcbd2f,임지후,Male,19,2005-05-10,인천 서구 100길 100
ee7814f7-b7d0-4b52-bc56-94a0a4c3c2e1,강민서,Male,38,1986-07-24,광주 동구 57길 57
cd2539f7-1f96-4ac3-8e61-41cfed4e5f00,강민서,Female,39,1985-05-28,대구 남구 75로 75
b0b71935-88e5-4d22-a7f6-aad981f8b356,윤서준,Male,74,1950-11-17,대구 서구 73로 73
0eba0d2e-0c47-43f1-b315-1eb90659c185,이지유,Female,48,1976-08-18,대구 서구 21로 21
126179a6-c4fd-4742-9022-a7d7c5e996a2,강준우,Female,17,2007-12-01,광주 관악구 85길 85
8ce35f13-fb7f-4aa0-ad09-c4c8582b5773,장주원,Male,28,1996-06-06,대전 남구 37길 37
840a2e29-7274-4ae6-bf32-2afb57d9b73a,김윤서,Male,60,1964-06-28,대구 서초구 98길 98
2e9163be-09ea-4034-a482-1ce394cf1826,박하은,Male,24,2000-10-22,부산 서구 43길 43
04312236-82d5-4b89-be7c-16689470738f,강도윤,Female,71,1953-08-28,부산 관악구 43로 43
76e21d48-d05b-4ad9-b6e6-645a4f493785,윤하준,Female,29,1995-07-19,대구 유성구 26길 26
088c569d-036b-4fd0-8838-4721b7e4302e,김민서,Female,31,1993-04-01,서울 유성구 89로 89
36f3c6fd-3f5e-40aa-9edf-5d23dead031a,임서준,Male,64,1960-05-01,인천 강남구 91로 91
25b724cc-b983-43fe-9e36-e3837307b89e,정하은,Female,62,1962-03-25,부산 동구 40로 40
d713e95a-eba9-465c-8be2-d4b2dac6617e,정서윤,Female,12,2012-08-19,서울 서구 61로 61
dcd7476e-1f06-4aca-b9c9-35b7063cfa9e,정윤서,Male,12,2012-11-21,대구 동구 56길 56
a256521e-589b-4eed-8924-6a8608fcf444,박서준,Male,65,1959-10-31,대구 서초구 71로 71
f42d5693-9c4d-4855-8e8b-0bdc2ce3af04,강지민,Female,9,2015-10-06,대구 용산구 33길 33
15ed2882-1b32-48cc-9294-0cd1847a5281,박하준,Female,38,1986-09-27,인천 서초구 32로 32
e80f70bf-cd82-4501-b45c-4dd62855ecee,윤민서,Female,29,1995-12-13,대구 서초구 19로 19
5ded8f98-73ae-42d4-b810-929383e114cb,최지우,Male,20,2004-01-29,광주 북구 22길 22
aa939b85-41e6-4371-bd05-dbc7ffcae5db,윤하준,Female,59,1965-02-04,서울 동구 83로 83
9b38260c-954a-4a0f-a8b2-3083af9b3380,정서연,Male,74,1950-11-29,대전 동구 84로 84
991d84ec-5695-45aa-bd60-80e4e9688062,이하윤,Female,61,1963-04-15,인천 북구 65로 65
4cb65183-4a4c-4cda-a499-c6390225e3ce,강하윤,Female,37,1987-02-22,부산 서초구 100로 100
3dd17db0-4259-45c6-8dde-93403cfe5c5a,김윤서,Female,60,1964-10-13,인천 서구 8길 8
db8f2a9e-4b19-413b-8265-0b8fb6672728,조지호,Female,49,1975-06-17,광주 남구 83길 83
84a3f3fc-f152-453f-b932-d03d99e47478,임서준,Male,17,2007-11-01,인천 남구 30길 30
07b7f994-e1b4-499c-bbbd-edde43c1469d,정지민,Male,37,1987-04-25,대구 용산구 93로 93
fc0d61ed-93e9-4b25-ad9a-ff68aa0e3b21,강윤서,Female,43,1981-03-13,광주 관악구 11길 11
b867755f-8ec9-44fa-8196-7619f6d001d0,장윤서,Female,38,1986-03-10,대구 서초구 47로 47
20620937-f2aa-4921-ba77-c2053b20503c,김예준,Male,46,1978-10-24,대구 관악구 14길 14
f3845a2c-6f60-4da7-96fb-7673b3547be1,임민준,Female,29,1995-01-18,대전 용산구 55로 55
3f36b9ad-61bf-4d11-ae1b-5a15956a7e46,이서연,Female,39,1985-07-03,서울 용산구 50길 50
26262e74-f143-4d6f-8814-b10b247f5d0c,윤주원,Male,39,1985-02-25,인천 강남구 4로 4
415b2d5e-dc12-47f6-8a88-59ec97af8f48,김하윤,Female,35,1989-06-07,서울 서구 83로 83
1300bd64-928c-44ba-a853-bfc1dbf898cc,강지유,Male,36,1988-05-07,광주 강서구 99로 99
941c7b16-46f4-499b-981e-35b0715149ca,최지후,Male,28,1996-08-06,서울 관악구 53로 53
6943859f-6e7f-4751-876f-8183c4eecf02,장주원,Female,29,1995-04-02,광주 강남구 89길 89
da286018-9754-423a-94fb-404485736101,김도윤,Male,26,1998-06-29,대전 강남구 17로 17
364c65e2-e981-440d-9149-4c374b304d0a,정서윤,Female,38,1986-01-19,대구 유성구 75로 75
d0c499b2-7eb0-4242-96cd-31e375065fe4,장지호,Male,52,1972-08-20,서울 동구 15로 15
cb6cbad1-3379-4c61-9e66-5c580c3e5a3b,강지호,Female,50,1974-10-26,부산 서구 73길 73
c22cbdda-41f5-4f39-953c-d7dc267f289c,박서연,Male,72,1952-10-28,대구 강서구 14로 14
21309621-02ee-4bf9-9586-946943be4006,이서윤,Female,50,1974-01-14,대전 서구 69길 69
2e379c5c-45ca-4ef3-aba2-674a520d012b,정서준,Male,52,1972-02-28,부산 동구 64길 64
4d9ffcda-72e5-4f5b-b4e0-75d944415c73,강예준,Male,14,2010-11-24,광주 서초구 10길 10
23bed94c-b221-4198-af35-6efaa2ca83f0,김하준,Female,65,1959-03-07,인천 강서구 65길 65
dfd187d3-7010-4800-bac8-0dea3d5da4e8,이서연,Female,53,1971-07-27,부산 서초구 49길 49
d0142393-ea87-4ea9-b6b6-d1253f2e49a4,임서윤,Male,12,2012-09-09,광주 동구 70로 70
3dc1b936-92fb-457c-a956-6c24ba8e5968,조하준,Female,36,1988-10-22,서울 서구 15길 15
fdef513d-4428-4523-aedb-adba04c4f2a0,김도윤,Female,28,1996-06-19,대구 강서구 79로 79
679aee53-3825-4646-bd40-0b872f569b7b,정하은,Female,49,1975-11-04,대전 서구 84로 84
3b2c065d-74a6-453e-8258-f5b110c5413f,윤서현,Female,53,1971-11-25,대구 북구 74길 74
d9f9f5a0-b707-45b4-ac5b-d56de3abdb68,조준우,Male,28,1996-04-01,광주 관악구 82로 82
58e0a9d3-6027-48fb-b81a-a24c26c0bbd4,조지유,Male,56,1968-11-01,부산 서구 94로 94
bf81f244-4dc6-4ed8-8860-be5566f8d4d4,최하준,Male,20,2004-01-05,인천 용산구 8길 8
ddda5511-939a-485a-aced-cdc10c59be78,장도윤,Male,46,1978-06-06,인천 용산구 36길 36
9315bb31-8c67-43b0-bc7f-8cc27d635fb3,윤서준,Male,34,1990-09-26,인천 북구 23길 23
8f06cb8b-d2be-4218-a0df-293478e5df3e,박도윤,Female,44,1980-03-18,부산 남구 66길 66
526d210b-b633-41da-92d4-8cee42b2fe82,강하윤,Female,28,1996-08-26,대구 강남구 11길 11
921472e3-2714-4ce9-ab7a-80623dd6a2b8,정하윤,Female,34,1990-11-01,대구 북구 30길 30
4363349b-95b3-498e-b8bd-87c67663294a,강하준,Male,32,1992-12-10,부산 서초구 53길 53
7566a4b0-50db-4fce-8227-0892378bfaaa,정윤서,Male,37,1987-04-21,광주 서구 23길 23
193d886a-59e2-4194-8fd4-cc70efe70e2e,김하준,Female,45,1979-11-16,부산 유성구 97로 97
ff8b560d-7564-4677-8236-5f85f9d285f9,김지호,Male,23,2001-11-01,서울 강서구 22길 22
787fd251-45fa-418f-b4f3-23d645355a03,정서연,Female,19,2005-08-02,대전 서구 1길 1
51f72462-db95-487d-89c8-8aa17e6aa66f,이하은,Female,61,1963-07-08,광주 동구 84로 84
aa2b85bb-67b4-4487-95c7-fcd7515898a5,김준우,Male,62,1962-02-04,대구 용산구 35길 35
56953888-cd1e-48a6-835f-779d2f40eeb2,장지우,Male,29,1995-04-21,광주 강남구 91로 91
8d7e4646-72cb-46fc-881d-9de74e86e523,이하윤,Female,17,2007-07-12,부산 용산구 79로 79
c6ada5cf-7f78-43c5-89a8-31898e906310,임하은,Male,48,1976-02-18,부산 남구 65로 65
c61738a3-f3f9-4dfc-9faa-03dea8ce55ff,정서준,Female,28,1996-11-12,서울 동구 13로 13
4880be6d-f3c7-4741-bb82-c20cd82f8ed1,박지호,Male,20,2004-05-23,부산 서구 59로 59
47a5e861-b9e1-4765-8596-f0f163e18a78,조서윤,Male,45,1979-07-31,대구 서구 92로 92
854e8810-4369-409f-af3b-813d3672aa32,강서현,Female,68,1956-10-16,부산 강남구 1길 1
3f29cc79-be41-4fee-898a-d554d6c6aaf8,정하준,Male,23,2001-01-23,부산 동구 68로 68
f95fa670-76dd-4dc9-959d-601cf334dab4,박지민,Female,40,1984-05-08,부산 남구 34길 34
69d13361-20cc-4ddf-aa8a-3baa03bde5bb,조주원,Male,38,1986-07-08,대구 강서구 56로 56
a0004082-be59-402d-8679-35152e28f53f,이도윤,Female,40,1984-11-11,대전 남구 64길 64
a4b13ebd-b0de-46b5-b2b8-c85b45954088,정지유,Male,14,2010-05-01,서울 북구 33길 33
93fc2f66-e088-4e05-a6d0-871cecbbcd3e,임서준,Female,59,1965-07-15,광주 유성구 55로 55
9d727931-06ae-4848-98a0-9a8e4736801e,박지호,Male,64,1960-05-31,부산 서초구 23로 23
4c85aeb8-948a-467e-b90e-fc42b7b50fb0,정민준,Male,38,1986-11-04,부산 관악구 40길 40
13509a01-8383-4a33-9e25-5b58ac262750,이지우,Female,68,1956-09-17,광주 북구 70로 70
ebf706f5-f65a-4771-918a-dc777559c3d2,윤서윤,Female,22,2002-09-29,인천 강남구 77로 77
a3666d90-aa75-4154-b4bf-daab1db2186b,강서준,Female,62,1962-11-13,광주 강남구 76로 76
3cfa39ba-8261-42f0-a9fa-6757c8ad3a68,강지호,Male,57,1967-07-01,대구 남구 15로 15
342f8f98-bcc5-4454-8bea-ec5243501d7d,박준우,Female,57,1967-05-01,광주 서초구 30길 30
6ed8c251-5a5e-4680-915c-dd3e3683dce6,김서준,Male,58,1966-10-01,광주 용산구 9로 9
663ee80d-862d-4ae3-a4e8-e5f97ac9612e,김민서,Female,19,2005-09-06,대구 유성구 28길 28
f2183310-5a0d-436d-99df-c96cb7f1a96a,조지호,Male,20,2004-01-26,인천 동구 91길 91
26413689-0734-4c56-bf20-1d7e5c4dc86b,윤지우,Male,13,2011-02-28,광주 강서구 42로 42
381c6016-653a-4b7c-9d48-3a9ca7d36ca6,김서현,Female,41,1983-07-17,광주 강남구 72길 72
0d1d8149-87af-49cc-9432-2eab88e78ac5,윤지호,Male,16,2008-03-09,부산 용산구 47로 47
b2ea8fff-25ad-4cc8-8c7a-58ae297f7208,박윤서,Male,39,1985-03-20,부산 용산구 40로 40
46a2cf1d-ddd0-4ad1-bd17-48e9664c4408,강민준,Male,9,2015-11-23,대구 동구 68로 68
7b2faae7-317a-4737-83de-76ce19b73cc5,임서준,Male,41,1983-03-05,서울 남구 90길 90
f3a2b0b0-7861-4f16-8867-1a2b968eb192,최지호,Female,20,2004-03-28,서울 동구 97로 97
8f009796-55bb-4b65-a086-f9c6b9e7fd8f,임도윤,Male,34,1990-07-07,대구 북구 13로 13
c4f84bfc-7f21-40a3-a825-38fff515d40b,김민서,Male,69,1955-11-30,부산 강서구 66길 66
4baa8b18-f4a6-48c5-b670-e7f10662c6f8,장하은,Female,19,2005-02-23,광주 북구 49길 49
d82218c2-185c-474c-8fc5-1778de72fb23,강하은,Male,23,2001-03-21,대구 강서구 7길 7
735bbc69-1c18-41d4-8def-193495c79971,임윤서,Male,20,2004-10-17,인천 용산구 43길 43
a6855d25-2c39-435c-b1b8-3be4ed8bfe9c,임서연,Male,62,1962-06-01,대구 남구 16길 16
ee214608-2cc6-4b63-93f4-b566dc9d5675,조민준,Male,52,1972-02-25,서울 서구 35로 35
bf0fdd62-973f-40b6-9155-40acb9136b3d,정서현,Male,21,2003-12-27,서울 강남구 20로 20
8968d8c1-295e-49a6-a7f7-035e3482d5ed,최하준,Male,46,1978-05-11,광주 용산구 24길 24
814305cd-48a1-40cc-ac2a-aa9d4c09a9ac,임서현,Male,58,1966-11-12,광주 서구 92로 92
c2115cc6-e02f-4b59-9627-92639e6c1887,이지민,Female,11,2013-11-18,광주 동구 62로 62
e97ef732-9292-4e37-9138-8f0eee259278,박지호,Male,52,1972-03-16,대전 강서구 45로 45
f10cd66e-2a13-4434-91df-6436dfef06f6,윤준우,Female,69,1955-08-10,대전 서초구 59로 59
9a344f3c-4a6b-4bb3-a687-1bf74ed37f82,강윤서,Male,17,2007-12-12,대전 강서구 98로 98
617a9816-d805-46eb-96e8-d6d796d57324,정하윤,Male,63,1961-10-08,인천 관악구 37로 37
d569fc0e-45e4-4e30-a04f-6786578525aa,윤지호,Male,23,2001-03-19,서울 북구 75길 75
a4e1ff24-43a1-4a17-955f-70a489a017f2,임예준,Female,40,1984-08-27,부산 유성구 71로 71
074b5d2a-9222-4aee-bcd5-6fbb1d386764,강하준,Female,26,1998-07-27,부산 강서구 44로 44
560a8113-a640-4154-97a8-0846fe01810a,강서준,Male,60,1964-10-20,대전 서구 37로 37
89544abe-a7b2-49de-9788-519d0817aecc,박서윤,Female,52,1972-12-04,광주 동구 16로 16
37cf9a9f-34c3-4dd4-b89d-6d0f4a1c84e7,강시우,Male,32,1992-08-30,서울 서초구 28길 28
c9dc70a7-f8ff-4ba6-b87a-c8432fb16603,윤준우,Female,44,1980-09-23,광주 북구 24로 24
dd01fe9d-2988-4079-a10a-763adcc6e495,윤주원,Male,73,1951-10-28,서울 동구 1로 1
43d2e616-cf29-45b4-b29b-9dabdad30be2,윤하은,Female,72,1952-12-08,대구 동구 54길 54
3c8698b0-caf4-4132-a851-2f0e67c6de53,정하준,Male,10,2014-09-19,광주 서구 87길 87
5e279f7f-d96e-40b6-92f4-8b418020ee34,김민준,Male,11,2013-05-19,광주 북구 38길 38
39b102ed-aa2a-42cb-9d56-a8ae4a7caaa5,강지후,Female,36,1988-01-04,대전 북구 52로 52
f738fd93-585d-4c2f-8e07-71443cc4d095,장서연,Male,26,1998-06-09,광주 동구 57길 57
f4c8cb32-9e54-4d15-a67e-7711fcea12ef,최시우,Male,11,2013-04-27,대구 남구 95로 95
e57368fa-a9f2-4030-8f11-000820969cbc,윤서현,Male,11,2013-10-18,부산 서구 87길 87
99fb3d85-0593-48ed-8532-ab37f5d45e5a,최민준,Female,12,2012-01-05,부산 관악구 74길 74
509e8eb3-d194-4864-8797-d5f2ab1721a2,임서연,Male,49,1975-04-26,대구 용산구 100길 100
14e7d5d7-071c-4cd7-be23-5e81a6ce40f4,최민서,Female,23,2001-11-16,부산 강남구 77길 77
74167dd6-de1b-430b-9229-ac6cb13b0004,김지우,Male,54,1970-04-13,대전 강서구 79길 79
6336e1b1-1e74-4a17-9166-7ef905065ab2,이주원,Female,58,1966-02-26,대전 서구 66길 66
bba38084-701f-48cd-a3d2-9ee10e07ca0f,임지유,Female,43,1981-07-22,대구 강서구 81길 81
a9fbe30d-b903-441a-b089-4ab37349104a,임서준,Female,59,1965-05-07,광주 서구 28로 28
a9f1469f-a07f-4d19-a085-78719c895533,임지호,Male,47,1977-02-06,대구 북구 65길 65
4f6e9479-97ff-46f3-86e8-f0a13cde4b34,강서윤,Female,72,1952-02-06,광주 남구 64로 64
43c9334a-c11e-47c8-89a4-2130662c3baf,장서연,Female,68,1956-01-18,부산 동구 3길 3
2024cf14-904d-4b2b-96bc-3e8803bca4d5,박지우,Female,17,2007-11-09,인천 남구 50로 50
5fccd5e4-50a0-4bd2-bce5-243daaee3d3b,이도윤,Female,52,1972-06-20,대전 서초구 74길 74
b8a9af78-2e65-40ae-924d-ccdcf6dcf60b,장서현,Female,35,1989-01-27,광주 남구 73길 73
fb4bf677-e568-4f47-830b-a4e0ada18b21,박하은,Male,50,1974-02-12,부산 서구 81로 81
9c89090b-959b-4880-9cf5-029b8ec0fb18,강지민,Female,37,1987-12-25,인천 서구 75로 75
077f485d-50e0-457b-8648-ab61cc3f80ad,최서현,Male,65,1959-12-05,서울 남구 98로 98
792f14ca-d5ee-4efe-9e13-bb138839b58b,강하준,Male,54,1970-04-11,부산 서초구 99길 99
622f082e-f567-4311-a16f-e6996db35c13,윤주원,Male,10,2014-07-27,대전 서구 22로 22
5e3a2965-03e1-4298-bde3-e0933b8918ee,김민준,Male,49,1975-09-16,대전 서구 17길 17
595b9dcb-2ca7-4a9d-98bc-e4679ce0a424,김서준,Male,20,2004-06-04,광주 강남구 23로 23
8960f041-5ec4-42bb-80e2-5e1db6cd555d,임윤서,Male,42,1982-07-27,부산 강서구 92로 92
f7f23951-9def-4485-aa79-a4b2b894fedc,윤준우,Female,11,2013-01-17,대전 강서구 98길 98
88f2bd1e-1a1e-4f92-9bcb-8aaf27eac9dd,윤서연,Female,66,1958-04-25,대전 유성구 22로 22
58d1f51a-53d3-46b7-9b3c-2d33fcd28969,정서현,Female,24,2000-07-23,인천 서초구 90길 90
7525f017-700d-4d4f-b642-43d72ccff998,윤하윤,Female,74,1950-05-20,인천 서초구 34길 34
67e6adec-256c-4800-8797-38310a049023,장준우,Male,35,1989-08-20,인천 남구 9길 9
e11ca506-fc2e-4e84-86f1-9923eec75381,최민서,Female,71,1953-05-10,대전 서구 90길 90
58af8a42-8649-4273-a598-6b102d4e6e95,박예준,Female,28,1996-08-01,서울 남구 89로 89
2bd9b7d0-2c67-48ea-952b-fba434af9d52,이서윤,Male,59,1965-11-14,부산 남구 69로 69
30cf8cac-541f-4170-9551-41d09639ac98,강지후,Male,48,1976-03-17,인천 유성구 69로 69
4cf263d5-986a-4bab-8c2a-68405b68f4ff,장시우,Male,53,1971-03-04,대구 강서구 27로 27
b272e492-f952-4c44-88f9-fc53529e8c98,윤예준,Female,50,1974-04-15,대구 동구 69로 69
bf7170f4-4098-4ad3-917f-7fe4a1d807c7,장서윤,Female,24,2000-02-04,대구 유성구 95길 95
97c65b56-6618-4699-872d-41f86dcf1f51,임도윤,Male,28,1996-10-12,서울 용산구 70로 70
ae17b5cf-4ef9-4a55-bd9d-f2c31f7bc368,강시우,Female,10,2014-03-17,부산 강서구 8로 8
e03f370e-0a69-4baf-a08d-5493f9f364e0,장주원,Male,73,1951-07-31,광주 동구 83길 83
4d322710-c861-440a-8623-f927a6b129d3,임하윤,Female,59,1965-11-10,서울 강남구 39길 39
8c0014eb-abaa-426b-9d35-bd759ffc9b1d,강주원,Female,18,2006-01-26,대구 유성구 59로 59
612bda3a-f60b-44da-8600-01da82328f8a,이도윤,Female,9,2015-10-10,인천 북구 85로 85
00b5824f-3dfd-42bf-b79e-9a0fb11ae703,임지민,Male,60,1964-02-08,광주 남구 100길 100
8b47c4aa-b64b-4494-8feb-74473ccc369d,장서윤,Female,11,2013-08-26,대전 관악구 65로 65
094e42c4-901f-439c-a4df-2f325a6da392,박서윤,Male,44,1980-08-03,인천 강서구 23길 23
84d06775-fb04-41bb-b7ba-2edcdad6f564,이시우,Male,68,1956-08-29,대전 용산구 61로 61
018ae196-c595-44ee-bf4e-af0e5cfaaf7e,정서연,Female,23,2001-02-01,대구 용산구 59길 59
6cc64a37-8db9-46f8-8fa7-2c4db149868e,윤시우,Female,30,1994-03-10,대전 강서구 5길 5
37f5896e-b405-4abc-a913-4597d4a4d213,이지민,Male,56,1968-04-13,대전 서초구 84로 84
c7beb92c-525d-4474-9c7e-1966f459936f,윤하윤,Female,42,1982-12-01,대구 남구 34로 34
6c3b45d8-be4a-4e5e-805b-c3e153266da8,최서윤,Female,64,1960-05-09,대전 관악구 1로 1
11da69a9-e2ea-4ee4-bd15-5c91659f8b3c,장서현,Female,35,1989-02-12,인천 동구 62길 62
cf5e2b11-acab-4c99-8c59-35d2d64c72be,윤지후,Male,57,1967-05-02,부산 유성구 46로 46
de434481-ded2-4818-8012-8218dbb31279,정하은,Female,29,1995-07-05,대구 서구 86길 86
f22882f2-621e-4df2-8280-7e945b6414c6,정지유,Male,17,2007-06-17,서울 용산구 68로 68
127f235a-eea1-4ba1-abf6-28bdd7a8b98a,강민서,Female,59,1965-11-26,대전 강남구 94로 94
4cf18dbe-dd60-4eca-b790-d7005c93a612,강하은,Female,40,1984-04-02,인천 강서구 26로 26
a0d063de-6c64-4789-b0d8-8fc73762aa8c,정준우,Male,68,1956-11-07,광주 서초구 18길 18
36cb6168-99c8-4eee-9b0e-00035b9f5af5,정서준,Female,59,1965-10-21,광주 서구 41길 41
70e8bd1c-5d85-4456-84f2-526d9190116d,박지유,Male,39,1985-10-22,부산 서초구 18길 18
62dafb81-1187-45ff-a73f-05199bf64da2,윤주원,Female,10,2014-04-22,부산 동구 17길 17
19abf264-1640-455a-a6e0-1e0642d94a1f,최준우,Female,21,2003-10-13,서울 용산구 23로 23
35d455f8-6846-4053-b7fd-d4e0e0a2dbf7,최서윤,Female,30,1994-11-01,광주 관악구 40로 40
2ecd02a1-1d92-4a07-803c-1cc695af7d47,김서준,Female,58,1966-04-10,서울 북구 8길 8
578cc229-b527-4610-98d5-93a9cd3b4691,이도윤,Male,55,1969-11-19,서울 서초구 11길 11
8021c09e-9279-425b-a0db-105f0eef9169,강지우,Male,28,1996-02-11,서울 관악구 5로 5
3fb1f13b-dca0-40f3-94bb-9512223c11c7,최준우,Female,17,2007-12-26,대구 북구 44로 44
379b9ea0-4fa3-4e0c-abea-733fd53b10a8,정지민,Male,31,1993-09-22,부산 강남구 38길 38
6d15a9fd-a935-4815-b1a0-ee3e0aa57889,장지민,Female,18,2006-08-20,대구 관악구 10길 10
132d6459-5f90-42f0-b4b7-e83180519863,박시우,Female,36,1988-05-08,광주 강서구 5길 5
032453b6-400a-44a5-b73a-29d8acf8df34,최지민,Female,54,1970-07-29,부산 서초구 78길 78
92209acb-6a59-480c-bc80-b44373d35d62,정하은,Male,17,2007-06-06,부산 용산구 42길 42
d6e38640-bfec-4bba-8a53-fda05d5ddf58,강하은,Male,70,1954-06-01,인천 유성구 82길 82
3771f62e-2ebb-4cf5-95bd-ca87d44b005e,임지민,Male,67,1957-05-17,인천 관악구 4로 4
6216468d-cc0a-4914-999d-d0ac6bc63c8b,장서준,Male,21,2003-05-15,대구 관악구 95길 95
f4bc3954-f1c5-4c06-a414-b6a15d51cad7,윤하준,Male,40,1984-12-09,대전 북구 89로 89
8716af8e-6f11-4db1-ae3f-6258a3668047,윤민서,Male,29,1995-03-23,부산 유성구 89로 89
ae84c10e-8aed-4961-8dfa-29488a63c105,정준우,Male,20,2004-08-15,서울 유성구 68길 68
ce3d0047-c61b-493e-95da-8c86bcff0831,김민준,Male,62,1962-08-08,인천 관악구 19길 19
70557732-8cae-4a17-8ef7-6729c4661e87,박하은,Male,30,1994-06-04,대구 유성구 75길 75
3c103294-2d84-44ce-aca7-c21cb291219f,조지유,Male,73,1951-08-24,대구 강남구 46길 46
497a3954-e919-47a5-96ab-0fac9d7dbf2f,최서준,Male,41,1983-06-09,대구 용산구 73로 73
af9136c8-a107-4882-9ae3-da7cbaca2ca8,조하준,Female,49,1975-10-24,인천 동구 48길 48
aea3e78b-fcd3-44ab-a72a-963176beef86,이서윤,Female,41,1983-06-02,대전 서초구 34로 34
e29c05f4-5be2-4929-9f13-60f9566ae8ec,김예준,Female,28,1996-01-13,서울 용산구 74길 74
449e06f5-a9cf-4604-8370-97ee001ab4ab,박지호,Female,65,1959-02-10,부산 서초구 10로 10
6e52b392-336a-41e5-a4b3-72ea0e2b1eff,박지민,Male,60,1964-09-15,부산 관악구 83길 83
d2037466-6dbb-4224-a6ed-147648728417,이윤서,Female,60,1964-02-10,대구 용산구 91길 91
419a18c1-6fcf-41da-a199-4851966a0b42,박지호,Female,25,1999-09-30,인천 서초구 16로 16
285188d5-a0e9-42e9-a6c4-3b28c3e569c2,장지후,Male,53,1971-07-29,서울 북구 73로 73
bf955dbc-e1b5-4c65-98ef-2aed5ad65285,박지우,Female,13,2011-04-13,부산 강서구 78길 78
ac33b780-1736-4262-bccf-a6a598f90dd4,조하윤,Female,23,2001-02-03,대구 유성구 20길 20
fe533c65-5f51-4b34-94e9-0e0fcf3e77c3,박주원,Male,58,1966-09-07,인천 용산구 57길 57
f8fbf7be-bed9-435e-9c02-8d1361738b2a,박예준,Male,67,1957-10-13,서울 강서구 65로 65
01fc788b-abf9-4b28-82cc-19c0a7936aa2,임민준,Male,28,1996-01-02,부산 관악구 32로 32
7e3cfdde-bcb0-483a-87e2-c671cc67ee4a,강지후,Female,19,2005-01-28,부산 서구 81로 81
42147665-1f5a-4e05-b7e2-004c85739b8a,정서준,Male,25,1999-04-05,서울 관악구 67로 67
e455db05-4518-4d5d-977f-c75918e63e8e,최주원,Female,40,1984-07-25,대전 남구 68길 68
28fc26b0-8807-4989-9dce-17e764667c44,장주원,Male,15,2009-10-14,광주 용산구 55로 55
c0986b42-98ca-4ce9-a39b-99d6b86049af,장윤서,Female,41,1983-06-24,인천 용산구 13로 13
b1958704-667d-4d77-ad63-5c390a36c46e,이예준,Male,22,2002-07-01,서울 강남구 40로 40
6a88a3a5-afba-46f3-83bb-e72bae8388f8,김하준,Male,60,1964-10-03,서울 강남구 18길 18
67c5a9f4-0f33-490f-871b-60b393309004,이서준,Female,40,1984-11-02,대구 동구 40길 40
89e9eb57-93c4-426e-a3e5-440218b1ec87,최지유,Male,63,1961-06-01,대구 강서구 97길 97
f841d742-3d2b-421d-b7fd-d69e8cfb41d3,박지유,Male,25,1999-11-30,인천 남구 5길 5
26f6e7fe-0beb-493e-8f72-7f1e19e71c3f,임하윤,Female,28,1996-11-23,부산 북구 98로 98
ec043241-b950-4a6d-a304-0e1be39efd6a,정서윤,Female,53,1971-09-13,대구 용산구 34길 34
cd56a126-36d4-4e0d-ba61-9ba4e22174d1,임주원,Male,57,1967-11-01,서울 북구 80로 80
d53c32cd-0bfa-4a2b-bd6d-4524fbeea0dc,강윤서,Female,40,1984-11-23,인천 강남구 56길 56
89f200bc-3d37-4e3c-85b8-c0e34d899375,윤지유,Female,71,1953-11-20,서울 유성구 21길 21
dc2f611f-69f4-40a2-89a5-45ab937f677e,강지후,Female,14,2010-10-29,부산 유성구 99로 99
7a7a87b4-4972-4fc3-96e7-df22454a8c05,강서윤,Female,16,2008-12-03,부산 서초구 55로 55
767d2725-37ec-4961-a937-3214af08d9ef,장도윤,Male,12,2012-07-05,광주 남구 90길 90
e61a7cd5-efd8-4a93-893f-3900da406da0,강준우,Male,22,2002-02-19,인천 유성구 12길 12
3c9dfa8c-cd43-4f86-ace3-07d0b5d89ad6,임서연,Male,50,1974-09-13,서울 남구 27로 27
08a9de98-fca8-4767-83e9-7435368e61a7,임윤서,Female,43,1981-05-06,서울 용산구 91길 91
e9f571bc-0fb4-48d6-8239-a49ce5e49c71,장예준,Female,26,1998-05-04,인천 용산구 7로 7
7df9950e-610e-4615-af80-15bf27dfe33b,이하준,Female,54,1970-01-16,서울 북구 15로 15
58dcbb94-1e13-4b35-b8fe-c83070a64d1f,조서현,Male,72,1952-12-22,대전 용산구 58길 58
4c80343e-d9c1-492d-afa2-e41cc6f3172b,임하준,Female,46,1978-02-23,대구 강서구 79로 79
4fc37797-c6d1-4f0e-b2d3-e507e7ce75e3,정지후,Male,54,1970-11-23,인천 강남구 43로 43
4f6ea972-f803-494b-85a8-77018c59c024,박민서,Male,9,2015-05-29,인천 서구 83길 83
69262441-b9ca-48eb-9055-28478630cd82,박민서,Female,35,1989-08-04,대전 관악구 1길 1
76774012-0887-4efc-8691-7cef983585b7,최민준,Male,11,2013-03-07,인천 용산구 71로 71
9b5343aa-e37c-4212-86d1-61f1fb14de63,이시우,Male,39,1985-05-25,부산 용산구 57로 57
788f6fe5-6a0e-48a1-a982-d380776fe8e7,장지유,Female,57,1967-03-02,광주 관악구 69길 69
e8d05c5d-af41-4d09-9abe-ee42f11097a0,김서윤,Male,35,1989-08-22,광주 용산구 8로 8
45c99296-7237-455f-b03e-5c895f0a43bf,김하윤,Female,51,1973-04-02,광주 유성구 84로 84
89581539-c63b-41e3-9900-6803cc75514f,강서연,Female,59,1965-11-25,대전 동구 63길 63
e2c250e0-663f-44e8-a0c3-3682cc9d4b90,장예준,Female,59,1965-11-24,부산 남구 51로 51
150363f6-6b5f-4fdf-a7ea-40f1daf6213f,최시우,Female,9,2015-12-20,광주 동구 33로 33
66e92467-c1c8-4752-aa68-15c0ae1f36fe,윤하윤,Female,43,1981-11-20,서울 서구 63로 63
37f790a9-c171-49f9-ba3e-82222b4ea8bf,박윤서,Female,66,1958-09-18,광주 남구 92로 92
3a8fd8c2-19e9-47c6-8239-4aa2d09bea9d,윤지후,Female,12,2012-01-21,대구 관악구 24길 24
3ffd70be-bdaf-4d86-889d-b0e5b64d2e59,조주원,Male,20,2004-01-03,대구 용산구 8로 8
8b8eb896-eeab-4e44-909c-9428ba2ee79f,정하윤,Male,53,1971-09-29,인천 서초구 34로 34
940b1637-5722-45e3-a989-09978f63af86,윤지우,Male,43,1981-08-29,대전 강서구 23길 23
8e229ba6-a68d-47c5-b90b-954d3a9d99c1,정시우,Male,37,1987-03-24,대전 서구 66길 66
23c286cd-9b0c-4b5c-997c-a42ad802b129,윤서연,Female,33,1991-01-05,대구 용산구 81로 81
920ee950-aa55-4083-bcc3-556712011f8d,이하은,Female,33,1991-10-10,대구 북구 24로 24
ba9a0da7-7de5-4841-b5d0-94ab691016ac,임서연,Male,62,1962-01-28,대구 북구 4길 4
12ffb372-bebf-4880-8f18-459f7258ffd7,김윤서,Male,70,1954-11-13,서울 강남구 100로 100
1fa4fb7a-e467-43a0-9074-cb49401c30e1,강지우,Female,34,1990-09-12,광주 유성구 20로 20
4acf1251-1f19-4041-b400-d1025229ab76,조윤서,Female,42,1982-05-26,대구 강서구 4로 4
98f74587-9220-4d26-9b10-785432c0ff51,윤하준,Female,56,1968-09-10,광주 관악구 39로 39
df1c0c67-6ead-4509-8985-8d73378f90f4,장서준,Female,15,2009-11-08,인천 용산구 35로 35
25d43a16-199e-44f2-9308-f90a19443b9f,윤하은,Female,63,1961-08-17,대전 서초구 92길 92
60f364ca-1397-4d8c-9ac6-d140358746e7,윤서현,Female,42,1982-06-15,인천 강서구 47길 47
7da8d465-12b1-4713-962d-4fc8d6415c67,조예준,Male,21,2003-08-31,대구 서구 97길 97
87e30129-f56d-4a52-98cc-cc1d30da8b91,임예준,Male,70,1954-06-17,대전 동구 55로 55
c4f21081-ac43-4aee-92d3-9196c032e32a,이지우,Male,67,1957-05-19,광주 동구 91길 91
2de49a09-e74e-4775-9cd3-3d2f26ddde02,이서윤,Male,45,1979-09-28,대전 관악구 18길 18
283cd4b5-a1b2-4783-8a5b-9bcf9c035c1a,윤지민,Male,64,1960-07-27,부산 북구 39로 39
e56d1afd-e3ba-4f38-b005-e26e121e0372,정지호,Male,66,1958-08-04,인천 서초구 7로 7
45f4d8af-07cf-47a0-a4cc-a9d26a4f5e0a,최지우,Female,14,2010-11-15,광주 남구 72길 72
4b9fee66-da44-44f9-88d3-655676296864,최도윤,Male,19,2005-12-14,대구 관악구 25길 25
34c89a6b-e845-40bc-b3f1-b83644185bd1,임서준,Male,73,1951-08-07,부산 남구 76길 76
572d7365-70d5-4dc5-9897-6c707387f716,최서준,Female,22,2002-09-04,대구 관악구 80길 80
0e82aa68-6705-42f9-953d-1d074b713736,이윤서,Male,16,2008-04-12,대구 관악구 13길 13
bc1af147-290f-4d7e-a03e-fb9efa3e0609,임주원,Female,71,1953-01-29,광주 서초구 28길 28
aa1ad46e-3915-4d4f-bcf9-fb7867b7e85d,이지유,Male,69,1955-10-29,부산 유성구 1로 1
1c36a076-0c69-49f2-8f8e-d486ba297803,조서준,Female,54,1970-07-02,인천 강서구 59로 59
5c849917-87fa-4285-aa71-5aec608595e2,박지우,Female,72,1952-12-24,서울 서구 26로 26
51858853-985b-4e59-aff0-8cda38e9b5a1,김하준,Female,50,1974-06-23,대구 북구 64로 64
ca70bb1b-c351-4e61-b5d5-a8f61646a066,정지호,Male,64,1960-05-29,부산 북구 68길 68
df54f9c8-4b3d-4a43-b25a-9c2281fb9596,윤지유,Male,16,2008-08-09,인천 강서구 47길 47
e3b3c67b-0767-4007-b34f-9179b03c1cc8,이지우,Male,55,1969-11-25,부산 강남구 46로 46
0428c1f6-fa24-4abf-b9af-95bb8385550e,정서현,Female,25,1999-08-08,인천 남구 99길 99
1e9fb6d5-18aa-4be6-8aa3-a37b88a6d455,윤민준,Female,44,1980-09-25,서울 강서구 75로 75
af3544cb-1a43-42ca-af92-de7d64d275ed,김서현,Female,31,1993-12-11,대구 유성구 58길 58
04184012-ec6c-4acc-a929-2abfd1a68f70,김서현,Female,47,1977-01-14,대구 관악구 27길 27
c78fcc8c-1893-4fa5-a250-730f433181e5,김하윤,Male,72,1952-05-16,대구 남구 62길 62
6e227392-3463-4b35-8e3c-fbd9b4c1a37f,강서윤,Male,17,2007-12-17,대구 북구 62로 62
a4c22f27-5ddb-4bb6-9b25-8edee03f4ebc,정민준,Female,47,1977-09-16,인천 동구 9로 9
c027fde3-609c-4e56-8e33-a5cf43685162,임민서,Male,42,1982-11-18,대전 서초구 3로 3
a00a8ae3-6c83-42d5-9507-a2ea03f67a60,이지유,Male,14,2010-07-08,부산 강서구 38길 38
980d9827-266f-4cce-927a-1fd3dfa92859,강지우,Female,38,1986-02-14,대전 동구 33길 33
f37e1402-fa7c-4863-8ed9-4a513465e21b,강서연,Female,71,1953-12-29,부산 용산구 32로 32
2d8e3596-5571-4ed4-b0e5-b85cde9ebc05,정하윤,Male,28,1996-06-23,서울 강서구 66로 66
82fbae5d-1b18-45b5-ba68-2b51aebad65e,조민준,Male,57,1967-01-09,대구 용산구 79길 79
3dafe29a-ad6b-46bf-be3c-74133dd27c38,김서준,Female,31,1993-11-20,광주 용산구 75길 75
25c424bf-f0fe-4aab-a2b1-11c7fdf5b7a0,이민서,Female,66,1958-08-19,대전 동구 88길 88
ef50d76c-36c8-4a1c-8c81-2dc1a28b4bb0,임민준,Female,11,2013-08-08,부산 유성구 81로 81
293c5682-f514-4149-84b3-f000084c0055,조예준,Male,10,2014-04-16,부산 강남구 73로 73
66e9174a-bbb9-4009-80c4-24e3b6fb7821,강서연,Male,19,2005-05-14,대구 서구 1길 1
c70599cb-ecaa-4c59-818f-03c591e2b6d0,박하준,Female,52,1972-04-03,부산 서구 50길 50
ffc3933e-ae94-441b-9524-8644b2fc8006,박예준,Male,52,1972-12-16,부산 용산구 89로 89
4fb50c8b-5adc-4edc-aed1-e8c6f8ff0198,박하준,Female,62,1962-10-13,광주 남구 25길 25
32707935-dd6a-429b-8b55-958161ab05f3,강서윤,Male,63,1961-05-16,서울 남구 78길 78
547c3adb-a900-411a-b01a-64eb51ea0b5b,최준우,Male,56,1968-11-22,부산 서초구 38길 38
a2d2a71f-aa70-4f58-89ea-523494e3ccca,강예준,Female,30,1994-09-29,인천 서초구 64길 64
bbe6e0b3-dda9-4fdd-acca-4880de7d1b89,임서윤,Female,27,1997-12-28,대구 서초구 32로 32
fc56e685-5f1b-4d89-9e02-0907ae4d10b7,장준우,Female,36,1988-07-15,인천 유성구 48길 48
ead7aa59-ed0b-4b22-946b-92fa587f4a06,최민준,Male,16,2008-04-09,광주 용산구 55로 55
ef50532f-ad1b-4db7-aac9-7f7e0c0b1225,이주원,Female,19,2005-09-23,광주 강남구 36로 36
bf989c50-882d-4a77-aa40-0d4a6e3a75f7,조하은,Male,15,2009-05-26,인천 용산구 50길 50
e88e3aac-437b-40a5-b828-7a1cdb1411fa,최하은,Female,60,1964-07-17,대구 강남구 74길 74
831922c9-6751-420d-8c7a-40a6433d7220,장시우,Male,32,1992-06-13,대전 북구 14길 14
e793813a-a71c-403c-9eac-75a5d934b47f,윤민서,Male,48,1976-04-18,부산 남구 96로 96
5fe83057-a04c-4cc5-910e-a1e43432e948,김하준,Female,29,1995-10-02,부산 서구 13로 13
adcacb09-7579-4376-b0a8-e22d5c43f04a,조서연,Male,45,1979-03-31,인천 강남구 26길 26
e169d2e1-de6d-45f6-860b-f18c55944fa4,장민서,Female,37,1987-09-29,광주 동구 32로 32
6d8ce5fa-0073-4a24-b5bc-993f020a6231,김지후,Male,15,2009-09-13,대전 동구 6로 6
b69f6bdf-b472-47e7-9cd5-aea98feacc9a,윤지민,Female,21,2003-04-27,광주 관악구 49로 49
eed26ca7-1083-41b5-911a-db39f37b134f,조지우,Male,36,1988-12-05,대전 동구 33로 33
a7f6d5bd-6413-4765-93cc-38754e8a8523,김민준,Male,52,1972-09-30,대구 남구 26길 26
e1413974-5863-4796-a665-070b59578972,조하윤,Female,50,1974-06-28,인천 용산구 77길 77
eaa0799a-3216-4602-a335-f75120044ba5,박시우,Male,36,1988-04-06,대구 서초구 24길 24
610ba42d-ea52-48ed-b5e1-522b53d79b83,장서연,Female,47,1977-03-05,부산 서구 10로 10
8fcdf07b-d681-4966-bf5b-60f84c7aba9b,이서연,Male,65,1959-04-23,서울 강남구 23로 23
49ce9d02-aad0-4615-8c8a-609088a020a0,강지호,Female,22,2002-08-27,인천 관악구 34로 34
1efd4c67-c4ef-400e-be3c-ac087a5a3814,임주원,Female,40,1984-08-20,인천 강서구 90길 90
2b9722ca-9663-41cf-8d8d-5953c57ea606,최서현,Male,58,1966-05-03,대전 용산구 24길 24
3dda2350-e2e0-4775-93a6-444b27901a7c,김민서,Female,67,1957-12-22,서울 관악구 33길 33
381fb0c6-395c-46de-9744-837516148a9b,강예준,Male,43,1981-08-26,부산 남구 73로 73
93344f17-7971-416a-a21a-e5f15e4227a7,김서현,Male,51,1973-11-10,광주 용산구 90길 90
ce71d3d2-0fc4-49e5-a77f-40d4915a413a,박준우,Male,16,2008-04-02,대구 서초구 23로 23
cdb7a7e2-0b00-4e62-8fba-1d2c1899a9af,장하준,Male,10,2014-06-02,대구 서구 32길 32
fe46b89f-4db6-4f40-8a7c-9d125e36d997,박예준,Male,12,2012-05-16,대구 유성구 2로 2
72534597-5ea9-4e4c-ae72-35ba6a60c54e,최지우,Male,36,1988-01-07,대전 강남구 47로 47
dbd81a76-bb99-4b33-91d8-2c550e1757fe,장윤서,Male,12,2012-07-06,부산 관악구 58로 58
db44c121-312b-404e-bdcc-366e412e9821,최하윤,Female,41,1983-06-07,서울 유성구 62길 62
f8542204-c2f0-4112-8d0c-ee52b7673029,김시우,Male,44,1980-02-05,서울 강남구 58길 58
12cf86b5-f200-407f-8f58-4f0e3fe0f25e,이하은,Female,34,1990-05-29,부산 동구 3로 3
26035a8c-046f-4f76-8961-209b95d8b81e,임지민,Male,70,1954-02-28,대구 강서구 73로 73
fab19633-0b57-4cb7-a16b-3c972cabd8cd,정시우,Female,42,1982-07-25,서울 서초구 48로 48
ae7d3df9-be39-45c5-9e7c-7c336553bb9b,조민서,Female,19,2005-02-05,서울 서초구 86로 86
efc72d51-2851-484a-8dfd-0adb31671e06,김지후,Female,72,1952-10-14,대전 강서구 5로 5
bc5dff8d-12e1-406b-a8e8-89e7a2196d6d,김지후,Male,31,1993-08-30,부산 강서구 68로 68
e56514c9-639a-4bec-b649-4fd0f23c8208,임예준,Male,29,1995-12-08,인천 유성구 44길 44
621db245-333c-4420-91a8-fe76687d14a6,장서윤,Male,12,2012-01-20,인천 서구 87길 87
61d4274c-1b70-4a37-93fb-8f7d0dc1b179,최서현,Female,20,2004-12-31,대구 관악구 78로 78
b2e010dd-ec82-48f4-bafd-f68fbcad7e3f,이준우,Male,34,1990-02-06,대구 서구 73길 73
363efd64-cc16-4163-be5c-e46048d44ef3,조지우,Male,65,1959-05-04,대전 동구 34로 34
d3c23666-dbac-4007-b0c5-185895f26f8c,강시우,Female,19,2005-03-19,대구 강서구 74로 74
d0bb6131-c65c-4dec-b094-45c2b499fad7,박주원,Female,29,1995-04-01,대전 유성구 26로 26
78da8f77-5931-46b9-9986-2a872f49926b,김민서,Female,43,1981-10-14,대구 남구 23로 23
da8c9817-daca-4fcf-b525-33af98c67d01,김하준,Female,39,1985-03-27,광주 서초구 97길 97
3a3d4b6b-fae0-4821-b440-940643ec760e,정도윤,Male,31,1993-07-05,광주 용산구 83로 83
d8e97afe-4a0f-4940-a434-e97f25bc7bab,장예준,Female,51,1973-05-20,광주 남구 96로 96
93e132dd-8bc6-41ee-b182-e162ef593965,강주원,Female,41,1983-08-27,부산 서구 100길 100
fccd3921-03ea-4120-8e87-e2807cab9948,조예준,Male,71,1953-12-09,서울 강남구 63로 63
35d449de-58c8-4a7b-8073-4e10270cf35f,임도윤,Male,23,2001-02-20,인천 남구 86로 86
7d92e964-7a29-43d4-bb2a-90ba19db05f0,최하윤,Male,21,2003-02-14,대구 유성구 92로 92
3f89ca74-b0b7-42bc-9bd0-f382f74c7685,장서준,Male,19,2005-04-25,서울 관악구 74길 74
b1431040-8d71-4ba0-8330-e2ec53db4f5f,임하준,Female,17,2007-03-27,대전 유성구 32로 32
4d813378-cc13-4529-a6c2-ec467074c0ba,이민서,Male,44,1980-12-10,대전 관악구 68길 68
fb7b58b9-90e2-4fd5-962a-c1113347e799,장하준,Female,49,1975-07-15,서울 북구 26로 26
2ed05d15-53f7-4ad7-ac4f-bb3bcf426067,이윤서,Female,44,1980-07-21,부산 강서구 19로 19
81d383bb-0582-450b-abea-f552e4b31306,조윤서,Male,49,1975-09-23,대구 용산구 47로 47
e3581e58-2803-4243-a28d-34970515db8d,이서연,Female,35,1989-12-04,광주 서초구 37로 37
e45d0193-c65e-4597-a4ce-c183393e4f46,윤시우,Male,62,1962-06-27,서울 북구 7길 7
d5441e75-97e4-42a0-9d68-120a19342d66,정서윤,Female,15,2009-11-15,대전 서구 51길 51
79f74b78-b623-45f3-8bc6-95e5ecfb7d85,김지후,Male,58,1966-06-23,서울 유성구 98로 98
a58984b4-3e34-46f0-86bc-f174517776ef,임주원,Male,62,1962-12-24,서울 북구 65로 65
6b3796f6-b17a-4913-9c19-75abab857f8a,조민서,Male,69,1955-11-18,서울 용산구 57길 57
b9ad1879-3939-4d01-ab2d-2885441373b9,조지호,Male,38,1986-12-03,대구 강남구 83로 83
c6418230-f09f-4238-af02-652a0710de5a,이시우,Male,60,1964-07-10,부산 서구 84길 84
7f5a59d3-df66-403b-a743-7de115ee1c18,정서연,Female,73,1951-06-25,인천 용산구 6길 6
488704f9-db30-471a-b3bd-93df891714e3,강하윤,Female,28,1996-11-01,서울 유성구 90로 90
fcbf051a-467a-46d9-9030-ea57784fec78,윤민서,Female,14,2010-07-17,대구 북구 52길 52
acd42387-b9f4-48a5-80ee-e4f2f8e76010,최서준,Female,40,1984-03-11,인천 북구 59로 59
1df89b0c-425f-4ebe-86da-6fef6b49b035,윤서윤,Female,24,2000-05-03,광주 동구 12로 12
2970455c-6218-431a-8efe-412820f817a2,윤서연,Male,57,1967-06-05,부산 북구 100길 100
5227b62d-b878-4b7b-8266-074f4fffea4b,조지후,Female,12,2012-09-01,대구 강남구 47길 47
c7daca29-65b2-4d5e-b9da-473d61546e73,이주원,Male,70,1954-06-30,서울 강서구 1길 1
e45e48bc-4660-468d-8b4e-a4e8b86041ca,이서연,Male,51,1973-03-24,광주 서초구 46길 46
2a512f68-be0a-40c5-94a5-7d0fdca34980,조하준,Female,55,1969-04-29,부산 남구 100길 100
ffda1560-9340-4dbe-b195-ba299a21ec0d,이지호,Female,39,1985-07-03,대전 유성구 27길 27
24437552-5384-47d1-861d-2aa2d601fae6,윤도윤,Male,73,1951-10-06,서울 북구 80로 80
8c4b26f2-07ac-4488-a941-641974586f76,정준우,Male,15,2009-12-26,대전 북구 42로 42
7eb84332-5205-4eb1-99bd-3484557b4d9e,장서준,Female,67,1957-01-06,광주 서초구 18길 18
d9a24ec4-98d8-43fa-81e2-9344aa00b8ac,장하준,Male,64,1960-11-25,인천 강서구 1로 1
0df06caa-9caa-49b0-9272-57846b1ed671,윤준우,Male,45,1979-06-11,서울 유성구 3로 3
69ba47b4-4f9f-411b-b62f-ef47bf7c62f9,강지호,Female,69,1955-01-29,서울 남구 74로 74
7fcc8437-bf90-489c-8faa-47ebcc308928,윤지민,Male,14,2010-05-24,서울 북구 77로 77
3e145036-8758-4d3f-bd3e-ae101788599d,조지호,Female,73,1951-05-12,광주 서초구 58길 58
d03e2a36-3989-4782-b50a-c7e6df643783,윤지우,Male,68,1956-05-04,부산 용산구 49로 49
40d5236d-f129-4771-bc01-c67fa29808b0,장지후,Male,37,1987-02-26,부산 북구 85길 85
6be72e74-de42-44a9-8ee1-febf18752c33,정서현,Male,32,1992-05-09,광주 북구 90길 90
b5a6817b-670d-4e3b-8710-203d3f5a5359,장하윤,Female,55,1969-06-21,부산 강서구 99로 99
95eb2f24-4f87-43a3-be33-ff5ac4050933,박준우,Male,62,1962-06-04,서울 강남구 1로 1
29c48380-0de8-4147-b090-d74f3b9c1d2e,임서윤,Female,41,1983-10-30,대구 서초구 67로 67
65353017-3e8c-4c96-9bc6-41c581cd622c,최지호,Male,64,1960-07-15,광주 서초구 94길 94
b0b61a1b-5610-4f61-9013-a1be20fe0192,조지호,Male,70,1954-03-12,인천 동구 62길 62
4dfc7e65-ffc7-44e0-aea1-344de5c59fe4,정지호,Male,37,1987-09-10,대전 강남구 9길 9
a36bf1f0-7b1b-47ca-a4b1-8011b192fb2a,윤하은,Male,23,2001-07-25,대전 동구 40길 40
d6f284d2-07a0-452f-9fe9-c9e9001e2d99,이시우,Male,42,1982-07-28,부산 남구 14길 14
af4ce4c2-eff6-4124-8b29-65f6f04fccd6,김하은,Male,9,2015-06-11,부산 유성구 23로 23
5bc4d1f0-a77f-443b-a850-2b7061c4c667,임하윤,Male,28,1996-05-26,인천 강남구 35길 35
e5d8c322-1dcb-4d65-a9c2-6792e431dc8d,임준우,Female,19,2005-11-10,부산 유성구 4로 4
e5c44f0a-6130-426d-89e5-6ae6ce99759f,강시우,Male,14,2010-07-14,광주 강서구 78로 78
37d79e16-294d-4bbd-ac29-57858bf6b56b,박하윤,Female,53,1971-10-29,서울 유성구 44로 44
679d3d5c-8a60-4ada-b0ca-6135d984ba0d,정지후,Female,50,1974-06-30,광주 북구 64길 64
b28abadc-a2e9-4069-8b1f-62b6b71d2195,박지우,Female,54,1970-05-31,대구 용산구 44길 44
5260c7f1-8fe2-401d-9c8f-14fe0d878c71,윤하윤,Female,63,1961-02-21,광주 관악구 44로 44
07fc84a9-0772-4665-a781-c7684aaa47eb,장하준,Male,32,1992-04-20,부산 남구 57길 57
92cd2f50-c4dd-4044-ad94-955fef39f469,강하준,Male,42,1982-04-26,서울 용산구 10로 10
83f810f9-3279-40f2-9847-54eb00cb9d0c,윤지호,Female,11,2013-10-04,서울 용산구 15로 15
e20123d4-7247-4210-8130-24e1dbc22362,강서윤,Female,73,1951-09-05,광주 서초구 13길 13
fc77ab00-2b20-4e49-ac00-437fa79a86f7,임하준,Male,22,2002-02-18,대전 용산구 49로 49
91589179-738f-4b58-a985-53c2b3ea58de,최하은,Female,65,1959-11-10,광주 유성구 14길 14
b88b6c83-311e-42bb-b6cc-d3c4f4c68263,강지우,Male,73,1951-09-25,부산 서초구 82로 82
78fe558a-2e03-4960-8685-0cf5925bff33,장서현,Female,20,2004-08-10,인천 서구 48길 48
2aa9f605-25c4-4429-8e15-770559841988,강하준,Female,52,1972-04-11,인천 유성구 62로 62
3315e543-cb95-4c52-92a7-6580955e902a,최지후,Male,11,2013-04-20,광주 관악구 9로 9
e532197e-8c06-4c3a-a608-73a7e72eb49a,임주원,Male,59,1965-06-20,서울 동구 12길 12
5dbe199f-75c5-4c13-a337-541d9486e2d9,강시우,Male,57,1967-05-25,대구 남구 18로 18
9ffa6324-949b-4b30-835e-952f1eb1fa28,최지후,Male,52,1972-11-11,대구 유성구 31길 31
3882a61a-d673-4355-a99c-ba51caaad8ad,조지호,Male,69,1955-06-03,부산 유성구 71길 71
64dfc725-9f16-4685-aeba-95cd03bb693c,이서연,Male,65,1959-01-25,대구 남구 61길 61
703a3531-e36a-48df-b156-d0344261ea9f,이지민,Female,51,1973-01-10,대구 서초구 36로 36
fd0fa284-368c-41c5-b6fb-abc90b473065,이민준,Male,64,1960-05-15,대전 서구 16로 16
f05190fa-3766-4786-bd8b-f06e40150793,정지유,Male,74,1950-03-25,대구 용산구 19로 19
f5c0414a-fbb6-4a0f-8c99-f2d43cc42b35,박지우,Male,40,1984-05-07,인천 남구 56로 56
b214f729-6b4f-4cc1-85ed-7578c30ebd2b,박서윤,Female,37,1987-12-21,대구 유성구 77길 77
69e2577b-52a3-40c5-a15b-26f0b2bd2c92,최하은,Male,50,1974-09-06,인천 서초구 6로 6
5749c459-f834-44d1-a2fb-14704635fa84,최준우,Male,64,1960-05-31,대구 남구 98길 98
27c024f3-15cc-412a-8167-af659ab96d20,김민서,Female,29,1995-06-09,서울 강서구 33길 33
46dec83f-68b4-4f00-ae3f-c5d5f461c1b5,박주원,Male,32,1992-12-16,서울 용산구 39길 39
e158db7f-e89d-4ad1-b7db-ec202da341ef,정예준,Female,46,1978-01-27,부산 강서구 37길 37
bc956e41-6b53-434d-baae-38d458706fed,장지호,Male,66,1958-04-18,부산 유성구 25길 25
7eb2d7ac-645a-499c-92b5-b4e96b2a61be,김하윤,Male,38,1986-10-13,광주 강남구 66로 66
d3f9e1af-6512-46c8-8745-8609c5c793a5,임도윤,Male,52,1972-04-02,서울 관악구 77로 77
68c8379c-2883-49e4-9698-39de159cd91a,박서현,Female,47,1977-06-13,광주 서구 19길 19
b10f9cb6-0a47-4b07-b2ac-d43eeed59507,정지호,Male,72,1952-09-28,부산 남구 53로 53
71097f79-2234-47f2-99cb-e21715b6298a,김하은,Female,38,1986-02-08,인천 북구 3로 3
beb971c4-eaa1-4ee2-8e7d-a29c10892f41,임서윤,Male,29,1995-07-26,서울 강남구 33길 33
256e9a20-2d58-4eb4-b838-f1f171809a4c,최지호,Male,38,1986-09-26,대구 동구 48로 48
468d5bef-c288-4951-b1b2-c52d7fe53188,조서현,Female,69,1955-02-25,대구 동구 88로 88
fb6812ef-f274-4c53-88a1-2f46a7b1e242,이서준,Female,71,1953-09-19,부산 용산구 13로 13
1fb1b90a-2dc3-4762-93ff-606362ab3099,윤준우,Female,11,2013-11-19,대전 남구 85길 85
2f442728-f123-4fdc-8e7e-8725ad0296b1,윤준우,Male,31,1993-10-08,서울 관악구 100로 100
969d2e99-bbaf-4973-bc62-a5e77fd80132,조서연,Male,61,1963-12-09,인천 서구 12길 12
4a435f0f-4837-4dfb-8e42-1149497c6685,윤시우,Female,16,2008-11-06,대구 강서구 91길 91
b0001a7c-9e8d-484f-9511-370d9fbe9b79,김도윤,Male,62,1962-01-01,인천 강서구 17로 17
97ef8ef8-ee5f-4465-8e29-1926467774b2,장하준,Female,69,1955-06-23,대전 서구 18길 18
e7a2d8bd-1f24-4de1-83bb-e585ef33daca,임서윤,Male,57,1967-12-04,서울 용산구 93길 93
11314533-f418-4907-b1b6-8057eab5e07f,임윤서,Female,15,2009-09-03,서울 용산구 81로 81
4e5a9152-e229-42f1-b8d5-79dd0a4a3dda,강민서,Female,40,1984-08-12,서울 강서구 7길 7
cfdc7c9a-6958-470d-be36-02e7cfa8807a,조서현,Female,72,1952-02-05,서울 서구 22길 22
810bb72f-8b08-4e5d-8b63-c50536e3ec42,박서준,Male,38,1986-12-25,서울 강서구 91로 91
9c0930dc-c360-4b7b-8624-1e93a0331d26,장지민,Male,48,1976-02-13,대구 유성구 9로 9
7a66baa2-f869-4ce8-8b66-bf97fafdd586,박주원,Female,19,2005-05-24,대전 서초구 92로 92
f75da885-c39a-4856-a8b8-6ffe8d81f55d,임하은,Male,70,1954-01-08,서울 용산구 89로 89
f7b1e071-e5d1-426b-bae6-26aa260e75c3,박민준,Male,66,1958-03-09,광주 유성구 83로 83
cb5befe8-cff9-4672-a135-a1ee3bfd06cf,임서현,Female,46,1978-06-02,광주 강서구 84길 84
a1fd9de0-927e-4155-961f-39355e82b0cc,정지우,Female,51,1973-02-26,부산 관악구 69길 69
a2ea2ec6-841c-4c2c-9306-fc4daf5f6bd5,이민준,Male,36,1988-09-26,대전 동구 10길 10
e06dc92b-2616-46d4-859f-75c596f5002a,정준우,Male,55,1969-09-07,인천 동구 62길 62
f8cb0fba-717e-49d4-a34e-6f096d5b5d65,박지호,Female,69,1955-03-20,대전 강남구 15로 15
361ac36e-f9da-4608-8c7f-f499ede8a381,박서윤,Male,22,2002-09-01,광주 서초구 37길 37
2fec8038-5ca2-45c2-9d7f-1922e56a8c6a,최하준,Female,73,1951-06-12,광주 관악구 50길 50
f44edf43-af71-45da-a257-ce19f4d959c0,조지우,Male,14,2010-04-07,광주 강서구 8로 8
637d27ca-6e10-404e-9151-6d0d7b10085f,강도윤,Male,16,2008-03-05,대전 유성구 21길 21
5650820a-828b-4b4b-bd80-89b640cce5f9,이예준,Male,59,1965-04-11,인천 서구 49길 49
43ef2ec8-653d-450e-91fa-29617556727f,장주원,Female,66,1958-02-18,부산 남구 90로 90
9e16f5c3-6224-486a-af1e-ca1a58884183,정지유,Female,46,1978-06-09,부산 강서구 74길 74
dacbba92-fb2f-45c7-98f6-65adcd897bc1,조시우,Male,28,1996-11-29,서울 강서구 36길 36
08ce9cb2-45eb-4b49-ab10-8cead0e06724,최민준,Male,17,2007-06-07,부산 강남구 1길 1
ea1f6122-78b3-4032-9b16-333768074444,최하준,Male,34,1990-02-19,인천 유성구 73길 73
c127c858-3f74-4a17-9406-f425992d265c,윤준우,Female,38,1986-09-26,인천 강남구 53길 53
8f844849-8efa-4691-bc48-87614e1d9bf6,장민서,Male,44,1980-10-03,대전 용산구 3로 3
6862d4b5-6855-48f5-b8a5-2652eb53d95e,박서준,Male,60,1964-11-10,서울 강남구 55길 55
9ddbda1b-fc8c-424c-9e15-af87707aa83c,최민서,Male,70,1954-08-02,서울 관악구 25로 25
cfc31ddb-49db-4558-b0da-0a1d2b99d1a9,강하윤,Female,44,1980-11-02,부산 서초구 50길 50
0e5bce1b-82c1-476f-b364-4166c644cb20,장지우,Male,24,2000-08-28,광주 동구 68길 68
06b861a1-5376-4278-b26d-15dc68c36035,조주원,Male,54,1970-01-21,부산 서구 77로 77
0a9cc052-599e-444c-ab5e-dad55a4cdd4a,강하은,Female,63,1961-01-12,대구 서구 93로 93
596a5250-fcee-420c-852b-95fd95c9e282,정민서,Male,42,1982-07-25,인천 남구 28길 28
c6522114-e9d0-42d8-8f12-0580b2865c71,장서윤,Female,72,1952-02-27,부산 유성구 28길 28
929a6528-0e48-4758-8d2c-33ac5ba82bbe,임민서,Female,37,1987-07-09,서울 유성구 95로 95
fc4cb118-86fb-456f-bb27-4c0be6979ecd,이지우,Male,24,2000-01-01,대구 용산구 21길 21
c4da07b3-286a-458b-adfb-da21ea8ca85f,이지호,Female,60,1964-08-01,인천 남구 6길 6
5ece7041-2d9c-4d7d-a5ba-dd3f2b6c47c3,이민서,Male,28,1996-03-23,대전 남구 100로 100
2c920baf-59f8-43a6-b447-5c6b75c0bc2c,윤서준,Male,12,2012-03-15,대구 강서구 83길 83
d98e43ef-ee02-40d6-94a8-1561bb4e827f,이서연,Female,52,1972-06-08,서울 서초구 12로 12
48af98ed-2eab-4af0-ad02-616ad67a3176,김서윤,Male,15,2009-03-08,대구 북구 88길 88
78fe1982-1ca0-4949-b8e0-6662bb16db01,임시우,Male,62,1962-01-27,서울 강남구 82로 82
316a7402-c62a-4e9d-a964-a3f7053ab5b8,정윤서,Male,65,1959-01-22,광주 관악구 57로 57
e500ed46-9ff4-4cab-bb0a-b9c8957a45f6,정하준,Male,73,1951-09-09,대전 서초구 66길 66
e827354f-90da-485c-b40c-c47eb6854541,장지민,Male,36,1988-12-15,대구 용산구 28길 28
b440d0e1-fea0-47bf-8c9b-1e029d913e52,최주원,Male,69,1955-08-18,광주 용산구 59로 59
06878c38-1a9f-4696-bca2-11cef70838bd,윤하은,Male,74,1950-01-23,부산 유성구 55길 55
a85c7182-5fa6-4432-b525-0e378d1f8afc,임민서,Male,18,2006-05-16,광주 북구 85길 85
48d4bca7-2ae1-403a-af37-5c80c7b8945e,김민준,Male,48,1976-04-01,부산 관악구 64로 64
d522406a-d987-46d1-9f10-61e307047c28,김서현,Female,17,2007-06-22,서울 북구 79길 79
09f238af-3bed-4dc2-9dfd-dc76a946cb14,윤하준,Male,73,1951-02-02,인천 강남구 3길 3
fc4beac8-5f93-4dfe-9679-5adff421bb33,임도윤,Male,29,1995-10-18,광주 강남구 70길 70
3f0b1e92-71d9-4bde-99a3-2f28ca256933,임지우,Female,58,1966-08-01,서울 용산구 56로 56
b3700982-f9d8-42be-89de-9db2d1c5a1d5,정지민,Male,65,1959-07-28,광주 북구 29로 29
de71d266-5de6-48d8-a7c0-49c5b9a7514c,윤지유,Male,15,2009-10-15,대전 서구 66로 66
bce592b3-4a42-46ce-91f3-0f7f72de7df7,정하윤,Female,21,2003-12-17,광주 용산구 5로 5
bedd717b-ef78-4fc5-b045-c721a5ec3939,김하윤,Male,64,1960-05-11,서울 관악구 22길 22
2e1ff18b-d9ca-49a6-8493-c3ab3e3cc342,이도윤,Female,46,1978-12-29,부산 강남구 4길 4
7e572010-15a1-47e9-bd57-87723dfa453c,박지후,Female,66,1958-10-06,대전 서구 88길 88
2d0444db-dc48-48fa-8e00-819484f31104,이서연,Male,14,2010-08-11,부산 유성구 52길 52
dc999171-b9eb-4eed-9b2e-7256a9fbd1df,장윤서,Female,68,1956-11-13,서울 유성구 18로 18
e9fc2fc4-10d1-4867-a930-c46d1d39e991,강민서,Female,16,2008-09-11,대구 동구 78로 78
c72a69d0-b94f-4a34-8602-40550b2029b6,정지민,Female,9,2015-07-16,서울 서초구 21길 21
d0c6d9ce-1a23-4cc8-8dfc-202c59ad2ec0,정지우,Male,31,1993-05-08,인천 강남구 32로 32
cdef8c5b-5752-472c-b268-c46b8c8ab06c,윤서현,Female,43,1981-12-01,인천 용산구 22길 22
67f72bac-1dbd-41be-b400-ad4a78b9f06d,정예준,Male,52,1972-08-13,인천 강남구 32길 32
e46a1cea-a903-49da-8b07-5899f2217799,최지민,Male,66,1958-12-22,대전 유성구 30로 30
881c8bd2-466e-4cec-93c4-56af19217502,김민준,Female,49,1975-05-31,인천 서초구 3로 3
b00bba56-1667-45df-86aa-1eea271ba364,윤민서,Female,64,1960-03-05,대전 남구 76로 76
ebb6b2ea-4e3c-41a4-b388-a5b185c8c4af,정지민,Female,69,1955-02-19,인천 강남구 73길 73
c469c63f-f443-41fb-8a19-2f77728b54fc,조시우,Male,64,1960-11-28,광주 동구 31로 31
a3ad2675-efe0-4786-9245-cab8ef23d8c9,박하은,Male,11,2013-07-28,인천 관악구 29길 29
aa598f34-07d6-41b4-ae89-a6a941db04ae,조서준,Male,10,2014-02-15,서울 유성구 2로 2
5dc5f080-052c-4ee1-968c-c367151ddce7,최지우,Female,10,2014-01-11,광주 남구 42로 42
02382446-17ac-414d-9af0-4450f397eadd,장지후,Male,26,1998-08-25,부산 서초구 8길 8
f61d5cae-8867-4ccb-ba97-c8a0a00808c2,윤주원,Female,60,1964-04-14,대전 남구 46길 46
5bbca4f9-a06e-4224-84ab-24c77d8f72c8,김시우,Male,29,1995-04-23,서울 동구 37로 37
112a11b2-b341-4e5f-a414-6f109edde2d5,박주원,Male,15,2009-06-12,인천 관악구 52로 52
ecb3a6e5-a03f-40f8-bdbf-d1efb982f04b,윤시우,Male,32,1992-11-22,대전 용산구 74길 74
805447b6-5451-4a4e-9d18-4c09953b3668,정서연,Male,28,1996-04-30,대구 강남구 23길 23
9cd28ec0-9b18-45de-998f-9733b22d0d8e,임서현,Male,20,2004-09-05,인천 강서구 59길 59
8ce952e2-b498-4422-ab2a-6c5d3e28d10b,조지우,Male,32,1992-09-10,서울 강남구 38길 38
9a26ed1a-704d-4146-921b-ee0f686b42ef,강윤서,Female,52,1972-10-18,인천 서초구 44길 44
4dc47cc7-a94c-4326-9595-65b25f767caa,조하윤,Female,67,1957-08-16,서울 서구 45로 45
4ca32b32-fe2c-4ac4-9636-85bad6876053,최지민,Male,41,1983-10-20,인천 유성구 36로 36
93440a47-a25d-4126-9b50-dac00683d3ef,이도윤,Female,68,1956-08-17,인천 서초구 93로 93
f3e75319-386d-4792-bcaf-fd3431ee2757,박지우,Female,22,2002-07-14,서울 남구 96길 96
c2094201-0e16-4773-8dee-68c05d57cb71,이지호,Female,69,1955-03-18,부산 용산구 89로 89
43e75737-6983-45e5-a289-7fd21dae3a25,박지우,Male,9,2015-02-07,인천 강남구 50로 50
750a0780-0b13-47e9-add0-16e22e6a5b09,강지우,Female,29,1995-01-18,광주 용산구 83로 83
99a9f616-337c-4698-8c2e-edaef141a195,조지후,Female,36,1988-05-11,서울 동구 19로 19
64868bc1-4666-4e6f-b95b-2c293b994b06,장지후,Male,51,1973-02-13,부산 서구 6길 6
b097f4ac-a514-42f3-87a4-f5d90f82fbe2,장하윤,Female,14,2010-10-27,인천 유성구 91길 91
9355e4d1-f74b-4fd9-9fc9-3695896dadff,임민서,Female,41,1983-03-01,부산 용산구 86로 86
64b6c48d-37c2-4d05-b734-9a360e5fdc85,장지우,Male,71,1953-07-13,부산 서초구 80로 80
929610d0-46f1-40b5-9b1c-c0310005ada4,김민준,Female,61,1963-01-28,부산 서초구 94로 94
54996c4d-d671-4a05-96bf-d34b72fc2cf4,윤서현,Female,71,1953-09-05,광주 서초구 53길 53
1dc48ba0-328f-4680-9773-ef6575be9cc7,김하윤,Male,46,1978-05-17,부산 관악구 46길 46
1c5eea31-3627-467c-99fd-e1983d0fb4e6,최민준,Female,39,1985-10-09,대구 용산구 60로 60
d1e2099d-2b6c-4eb4-8e05-872e40d71184,정하은,Female,47,1977-02-02,부산 용산구 96길 96
72d729f5-e83f-40ec-a65c-487993866702,최주원,Male,17,2007-11-24,광주 강서구 68길 68
b949d3f9-d51b-4a76-a892-b100241ebe4c,김하준,Female,41,1983-05-15,대구 강서구 48길 48
d21e5352-f74d-4112-b76a-895683ac6664,조서현,Female,66,1958-05-04,대전 서구 11로 11
89416516-6a57-4f4a-94c8-ca745b584297,조지후,Female,25,1999-08-13,인천 용산구 67로 67
c7d6be5b-0097-4516-b6bd-627c14748824,장윤서,Female,68,1956-02-20,대구 북구 18로 18
d763ec3c-eee3-4ad3-bc5c-1054fae6e8e6,조예준,Female,65,1959-04-12,서울 강서구 86로 86
62827c0a-cae8-43d3-82bf-8367f7f0cddc,박시우,Female,15,2009-12-22,부산 남구 92길 92
