94eab4b2-ed41-4c06-ad7c-d225314944b4,최하은,Male,13,2011-06-18,대전 남구 100로 100
fbcf5308-ecc7-405f-baa2-f25f6c8f2469,장시우,Female,22,2002-09-25,광주 강서구 90로 90
9afd612f-ee32-4768-93c9-57ceb2e7d964,정지유,Male,52,1972-02-23,인천 서초구 1길 1
ac7d014c-47ad-4683-9a19-b1be47ace327,정주원,Female,36,1988-07-09,인천 용산구 45로 45
a7795297-eff6-4452-98ca-17ae40463e94,박예준,Male,60,1964-10-05,대전 동구 9길 9
a9c37db3-3b9d-43cb-a328-101920f3e47f,정예준,Female,28,1996-11-22,인천 서구 83로 83
d175faec-7988-4c8e-9298-2487b68a98c6,김서연,Female,61,1963-07-24,인천 서구 26로 26
9ad9062b-58d1-4b80-8031-b5d633117c2b,조도윤,Male,36,1988-10-27,대구 남구 47길 47
1b2ba313-4400-468d-84eb-f8fc8b7637ee,강서준,Male,55,1969-06-24,대구 용산구 30로 30
fc0a59c5-733f-4728-9cdb-609ade319a24,김주원,Female,25,1999-05-06,서울 동구 32로 32
eeda04b7-980c-4f45-b43a-f3d0be014d9b,장하은,Female,20,2004-10-20,서울 서초구 52로 52
b6435062-4b38-4f30-87e9-7c41a4b22614,조하은,Female,22,2002-02-07,광주 서초구 8로 8
fdac56be-8738-401b-ae6f-cfdeab37b7e7,이지후,Female,31,1993-08-30,광주 강남구 59길 59
b27d30d7-701a-496b-92ee-932c4666e55c,최시우,Male,59,1965-02-18,인천 관악구 15길 15
0017b090-6e90-4bb9-9035-c6b2d1ddd6bc,김서준,Male,56,1968-03-11,부산 서구 26로 26
fa66fb57-edeb-4874-b3db-5c8e68969e39,강민서,Female,51,1973-01-29,대구 용산구 78로 78
61914fcf-055b-46d4-a820-a63e9fbd2e18,강시우,Female,16,2008-12-24,대구 북구 72로 72
b18e436c-c514-4cf4-b57b-50626c3f0c86,조예준,Female,63,1961-10-20,대전 용산구 75길 75
7697d7ca-2bdd-461f-b58c-5303dca3b73d,정지유,Male,15,2009-10-12,광주 서초구 5길 5
b2b70adb-a110-4c3d-bac0-08d1e8fec55e,조하윤,Female,30,1994-06-23,인천 관악구 23길 23
9ef0c84b-722b-422b-ab4d-86e268f7eec5,조도윤,Male,30,1994-05-12,부산 강서구 50길 50
303c2479-5a75-4953-b5f8-ffa91e92459c,강시우,Female,42,1982-07-28,서울 북구 21길 21
7daa114d-5773-470d-9c9d-5615c8592342,이하준,Female,44,1980-12-29,서울 동구 14로 14
f8e926fb-0995-44a1-b966-957a61fa8f4d,윤지민,Male,24,2000-07-29,대전 강남구 87로 87
70022b30-6983-4aac-8f7d-8840372c1aa3,최지민,Male,17,2007-05-01,대전 관악구 75로 75
0d880966-9332-44f7-9456-79c0bab8f258,김준우,Female,50,1974-01-12,대구 강남구 72길 72
ba8e3423-3728-4e17-b194-cada046c4870,이주원,Female,48,1976-08-17,인천 서초구 38길 38
e1de79c4-086f-4f79-adb0-ead502e73e43,정지후,Male,28,1996-07-07,광주 동구 14로 14
9acecb97-2a52-437a-80bc-7d40ea0d8905,조서준,Female,45,1979-05-31,서울 유성구 70로 70
38961fd0-ccd1-4702-89f7-373c840a4eed,정예준,Female,58,1966-02-17,광주 유성구 52길 52
315ffd1b-8759-4164-809c-41391601c9e0,최지민,Male,45,1979-12-15,대구 강서구 59로 59
b67e48ea-c1f5-4a77-8056-00d324e1694d,강시우,Male,63,1961-04-03,대전 서구 38길 38
720a2dd9-c9a3-448e-8c20-e5d2b1a6980d,이도윤,Female,25,1999-12-31,대구 남구 9로 9
b705fcec-e550-4035-bd04-3cc81544ece4,김윤서,Male,30,1994-07-09,대구 동구 77로 77
1bc8e001-7f61-46b9-a7e7-5244f32333af,조도윤,Male,34,1990-02-07,인천 관악구 91로 91
230f36dd-c853-41d4-b146-5b2853c2c1ce,정시우,Female,55,1969-01-22,부산 강서구 43길 43
a84632cc-6f65-41d5-9164-12d96fe81822,장지호,Female,15,2009-12-11,부산 강서구 53로 53
61f2c7e4-5072-4a73-a7ea-ec3ce19882d7,조서윤,Female,49,1975-12-02,부산 강남구 8길 8
874e5ab4-be91-466e-8081-9267b1bf28b9,강지호,Female,43,1981-02-09,대전 서구 3로 3
d3b69823-0264-4d21-80f8-4f8b52fce376,정지우,Male,60,1964-12-31,대전 서구 49로 49
6a009cd5-3cf2-4604-b864-878fd0164711,윤하윤,Male,17,2007-08-06,부산 유성구 13길 13
ef286037-4392-4a62-818b-9fa5a05e7841,정지호,Female,61,1963-07-07,서울 강남구 21길 21
97654256-ea84-4ebe-8912-1619940c6966,윤하은,Male,26,1998-04-22,대구 관악구 39길 39
6e71b742-9e65-4400-a680-005e81b101a7,이지유,Female,57,1967-03-21,인천 서초구 54길 54
b3af62ec-3edd-4967-af6a-00dff5724d32,윤지우,Male,28,1996-12-22,인천 서구 12로 12
3a4721f7-9ba0-459c-82a9-a6f78ae647eb,정서연,Female,26,1998-08-29,광주 서초구 34로 34
3984df28-3596-4612-a14e-f3cb7e99df63,임하윤,Female,18,2006-02-09,대전 용산구 51로 51
abf813e9-229b-48ed-ae13-76980b0a5286,조하윤,Female,44,1980-07-20,서울 강남구 34길 34
d8d3dded-7f49-453d-ab1a-cd8c9cf9b7b4,이하은,Female,17,2007-05-31,대전 유성구 87길 87
0180d468-8487-48b3-a1aa-9d5bda9ba081,박하윤,Female,22,2002-12-05,대구 관악구 11길 11
5accc61f-0b5c-4cdf-a6ef-53e9343710c9,박윤서,Male,21,2003-05-09,광주 유성구 9길 9
d379ff55-40a7-4ffe-9dc2-64bc3ebddd7d,김서준,Male,21,2003-02-28,부산 용산구 38길 38
ee4d25fc-b681-4a8e-a14b-63a6b4a5895f,김지후,Male,33,1991-04-06,대전 유성구 82로 82
f736fc95-8659-4604-898d-a8b1f2083789,김지호,Female,19,2005-05-05,서울 북구 77길 77
c7c09628-8fdd-484d-a915-f658af644c8c,김지후,Female,55,1969-06-20,대전 서초구 18로 18
1de2ea0c-555b-4678-afb0-46a6e44578b8,정지유,Female,57,1967-11-02,광주 강남구 27로 27
33532bc8-4108-4c12-9f48-0b02cc317825,조하은,Male,55,1969-02-11,광주 서초구 18로 18
741dd08a-c96d-48ad-99f3-04235b3a20c5,이지유,Male,42,1982-10-16,서울 서초구 29길 29
a5cd348c-6e53-468f-b380-d9a1b088cb2c,임도윤,Female,57,1967-07-26,부산 유성구 47길 47
3935d135-3547-4eff-88d0-181bf64cf564,박하준,Male,57,1967-12-06,대구 강남구 73길 73
4b17569e-a418-4e2a-ad21-bbefa69d32d2,임도윤,Female,43,1981-03-26,인천 유성구 73로 73
091da335-1ea7-4b6b-8faf-7058da0e8ba3,강서준,Female,28,1996-10-22,인천 북구 100길 100
a4146979-d7b8-4900-b1dc-6937da6aa8e8,박지민,Female,41,1983-06-21,인천 강서구 44길 44
6686b587-2642-4626-8a6a-e6a0055c52d9,윤지후,Male,41,1983-10-05,대구 강남구 37로 37
52e535a7-b3d0-4df6-b7a6-a304f0694722,윤시우,Male,63,1961-03-10,인천 관악구 92로 92
c89f1dbd-16d0-46e5-9ae8-c1234ecb8e4c,조하준,Male,24,2000-09-21,대전 동구 93길 93
b82ef961-7ac4-4908-a06a-10f4ca5694fd,강지후,Male,31,1993-11-12,대구 강남구 6로 6
d75083bd-f8dd-4740-b2ce-7c0e99adbca5,박지민,Male,53,1971-05-10,부산 강남구 33로 33
6afef2d7-44f4-4a3b-ae1a-abbe80263d0e,윤예준,Male,38,1986-04-16,서울 동구 66로 66
e42c6e54-37c2-48f7-8012-67bca3ece92b,정서준,Male,17,2007-08-03,광주 동구 13로 13
50b328e8-5540-4100-baa7-b7c5e28dfea7,정예준,Female,60,1964-11-13,인천 강서구 16로 16
c5ca65ee-dac3-4a2f-b21f-4d759bf5f67e,정지우,Female,58,1966-04-04,대전 강남구 90길 90
44560f23-926d-4f29-a81d-ceca6c468795,조주원,Male,15,2009-02-03,서울 서구 94길 94
13a4c980-6c78-4401-8ea3-3d2c39bc7647,김하준,Male,37,1987-03-08,부산 서구 51로 51
47114ed0-b040-4f0d-87de-b240d2b1d9bd,박하은,Female,21,2003-06-18,광주 동구 67길 67
28af4f99-8081-42e0-9f3b-5c3cb0f9a10b,김도윤,Female,24,2000-03-19,대구 강서구 13길 13
fbab0611-0d5a-4589-aa9e-3d7e57fc2ab9,임지우,Female,59,1965-02-05,대구 남구 26로 26
b18d66c8-f511-48cb-9a13-523426743b54,윤하은,Male,14,2010-05-30,부산 강남구 35길 35
472911f4-f555-4b37-94b8-e9758fa7494e,장지호,Female,53,1971-03-10,대전 남구 25길 25
0d7c26d2-324c-410b-a106-f47493d748e5,윤서윤,Female,47,1977-01-01,인천 용산구 43길 43
0080fba7-e605-420f-860a-c868458f379e,박하윤,Female,23,2001-09-28,광주 강서구 36로 36
24eb1c9c-2e5a-4059-bf1a-5f9f831d4e59,최예준,Male,46,1978-08-07,부산 서초구 58로 58
25506063-9bce-4e26-bc9e-ff0c805a20cb,박지민,Male,31,1993-07-01,대구 강남구 95로 95
37b95278-a722-4ecd-9b32-2c5286099896,윤하윤,Male,38,1986-04-03,인천 강서구 73로 73
ff8935c8-03ff-4717-aa33-32661c51c241,임도윤,Male,60,1964-09-18,대전 강서구 34길 34
82e2c15a-c611-4387-b514-6c9958168fbe,강서현,Male,27,1997-07-13,광주 강남구 39길 39
cfa5c7cc-0df3-49bf-bdf3-dd9be6cf23c5,이민서,Male,26,1998-08-28,대전 동구 54로 54
0740e058-79f5-4986-a693-69c59d4a389d,박민준,Female,23,2001-09-23,대전 강서구 11길 11
6654ba9d-1789-414b-8dfc-989888f50fdb,장서현,Female,44,1980-08-27,대구 서구 57길 57
1969ce2a-77a0-47ee-885e-32ce457ec75f,최서현,Male,57,1967-05-30,서울 관악구 94길 94
34f7fdb3-4052-424c-b367-acc2f70b6594,임서윤,Female,26,1998-06-01,대구 강서구 36로 36
90800f1c-0928-45da-92cc-fafd6bb4ebc8,이준우,Female,57,1967-07-07,대전 용산구 23로 23
0698940c-e3ec-4681-9ff0-d0e53089ebd8,김하윤,Female,19,2005-09-18,인천 동구 61길 61
311abf15-4203-4011-b1c1-52439df41856,강지우,Female,13,2011-02-21,인천 관악구 89길 89
02eb1591-09ab-4278-bff5-ad22323f236e,최하준,Male,44,1980-01-24,광주 유성구 38길 38
c4b88a4e-c12d-4843-867a-2b28db801003,김도윤,Male,13,2011-01-30,대구 동구 11로 11
63d69f3b-751a-4269-b19c-4910e42be228,정하윤,Female,58,1966-02-03,대전 서구 8길 8
3a7da602-9cfb-4450-9574-01c5f85fd9a4,조준우,Female,51,1973-01-22,대구 서초구 13로 13
103dc29f-9916-464d-9cbc-88d7f03687f0,조지유,Female,59,1965-03-14,부산 서구 46길 46
d4386cc8-df4c-49e1-9d18-3a7866118cb1,장서현,Female,21,2003-03-14,서울 북구 65로 65
54ad4655-913b-4a24-8b17-bf4dd36c866e,김서윤,Male,16,2008-10-22,서울 북구 56로 56
effeb0a9-1405-4db5-a0b4-17b72c5b4531,이지민,Male,16,2008-02-07,인천 남구 81길 81
38462384-067f-4669-ab80-93cfd9d76fff,최민서,Male,41,1983-09-04,인천 동구 75로 75
d6a09a7d-7d5c-4343-8602-09b29560aa1e,윤윤서,Female,40,1984-03-09,광주 동구 98로 98
a2a69e8b-fba0-4a82-a4ce-27a4815190dc,정지후,Male,30,1994-07-25,인천 유성구 2길 2
456ce8b2-2f72-4407-8f91-e85f8bdd0be8,윤예준,Male,42,1982-01-28,서울 서구 37길 37
ca668a8c-85aa-4253-9bff-b1890263e63b,정지호,Male,20,2004-10-04,부산 강서구 12길 12
aac13e84-d0e7-4cd4-bb68-106a493b4a98,정준우,Female,51,1973-11-08,대전 서초구 67로 67
d5038bfe-5453-4f6e-a49a-a324a6dd2caf,정지후,Male,14,2010-09-20,부산 유성구 59로 59
45e6c569-0aa9-4b7a-ada6-3293eb51d800,강서현,Male,38,1986-02-13,인천 강남구 91로 91
275eb69c-7f94-4abd-9cad-bf4708e41470,김서연,Female,27,1997-02-27,대전 북구 96로 96
77722d2c-8546-47d5-b1f3-7853be310d3b,박시우,Male,53,1971-11-21,인천 남구 16길 16
bb388ea4-e734-4c1c-b781-d889609a6a84,정하은,Female,20,2004-06-10,서울 북구 75로 75
1c711ade-fbd2-477d-8aa0-ec4eaf702e2d,김주원,Female,13,2011-06-11,대구 용산구 76길 76
e86f6e01-5606-45d4-a0e9-35f97c7a6b8b,정민서,Female,20,2004-09-11,대전 강남구 39로 39
30e4b280-155c-4538-86fa-9c61f9e3203c,임시우,Male,28,1996-06-09,부산 동구 67길 67
18e2f3a7-956a-4a61-bbf7-cc18ca754426,강지후,Male,41,1983-07-06,부산 강남구 34로 34
8803e2c8-4722-4790-b0ae-b736c537fe0b,장지후,Female,57,1967-04-24,인천 용산구 44로 44
5458dc4b-b5e8-4c61-beba-080131a4ebde,최지유,Male,52,1972-03-02,대전 용산구 19로 19
7802a880-46e8-41fe-b3d5-7d0f1ec94b84,조예준,Female,19,2005-04-24,인천 동구 38로 38
38f5aaad-98b4-4b28-ae4c-4c392568badf,최서윤,Female,15,2009-07-24,서울 북구 93로 93
7faaac76-bae2-405c-8707-a9b74a96e806,장하윤,Female,43,1981-09-06,인천 북구 41로 41
d53cb811-2afb-48d5-8da2-55529c9397a4,임윤서,Female,16,2008-03-24,대구 강서구 37길 37
f93d8551-34ac-4d7d-a913-d88a4b86a6c0,강지후,Female,38,1986-06-09,부산 북구 22길 22
8f470603-9ca4-4ae0-9f3e-b222b52cb73e,윤준우,Male,16,2008-05-04,광주 유성구 16길 16
441020df-845a-492d-841b-778421b4fead,윤서윤,Female,37,1987-05-02,서울 유성구 38길 38
af6628c0-4321-4b63-9c88-70d545f31bd3,박지유,Female,37,1987-06-26,서울 강서구 25로 25
67bf42f5-07b6-4f52-80c8-716ad934eb3f,임서현,Female,34,1990-11-21,부산 용산구 84로 84
b1e06b36-6a15-4c71-99bc-35e013ee86bf,조하은,Female,24,2000-12-31,대구 관악구 9로 9
92ce0791-db2f-4536-be33-dfdc4575f9d9,김하윤,Male,37,1987-12-24,광주 유성구 76로 76
84bc50ef-5d4c-4e2e-9910-5e45b4abafcc,최하준,Male,18,2006-12-06,광주 동구 54길 54
35cf5ca4-8b64-42e8-bc8f-e14641f77542,이준우,Male,40,1984-09-23,부산 강서구 51길 51
6e887194-3548-45b6-a275-bb9acf625512,김지후,Male,46,1978-09-18,대구 강남구 91길 91
aa26fea1-b06f-4d28-b0bf-a9809444eafd,조민서,Female,37,1987-08-03,광주 관악구 34길 34
475c0979-aeda-4be2-9255-a914e9b28267,조윤서,Female,56,1968-06-30,인천 동구 19로 19
215ad12c-6b73-4659-8b6f-82e69fe64d13,강주원,Male,26,1998-11-06,부산 서구 22길 22
66d566ae-2fb6-4632-8550-6c9243f6e01a,조서현,Male,52,1972-10-24,부산 관악구 83로 83
aa3142e8-229c-4be1-adc1-37e313e61a57,윤서준,Female,18,2006-12-09,서울 관악구 19길 19
945dce50-bf59-4032-8b96-eea38c0d7baa,강지우,Male,19,2005-09-26,인천 서초구 55길 55
6a7dfe53-9bd3-4c32-a942-f2143b210bfc,정도윤,Female,33,1991-07-25,광주 용산구 99로 99
26ea2590-6a18-4ed0-b851-0bb73554df88,강서윤,Female,39,1985-12-26,서울 서초구 100로 100
e3deaed2-3d90-404b-96be-9babee394bf4,윤도윤,Female,20,2004-04-12,부산 서구 58로 58
a1bd618a-66ea-4879-ac71-023f8c0d8d2f,임시우,Male,19,2005-01-24,부산 용산구 18로 18
33ff50ed-8ffb-4324-8d38-da286394cd20,윤주원,Male,26,1998-01-11,대전 용산구 56길 56
e17c9069-33e2-4ac3-aef1-8b2d53609d7b,강하은,Female,60,1964-01-03,대구 북구 51로 51
02cb239e-a40b-40b1-8ee6-1d912d2e4169,최지후,Male,34,1990-07-11,대전 서초구 99길 99
f1c6db86-32f7-4644-96ec-3db5d0b4d7e2,정예준,Female,29,1995-03-16,대구 강남구 8길 8
5c57fe9c-f2d9-42f7-adab-bc2e20d4c8a3,김주원,Female,56,1968-11-03,광주 유성구 33로 33
56e2bc1f-c080-4e72-8a95-552938e333e8,윤예준,Female,50,1974-03-24,광주 서초구 36로 36
b531fffa-1684-46e1-9a85-1b1bc201b691,이민서,Female,24,2000-04-10,서울 강남구 60로 60
cb600032-fed1-46fe-b664-b75b6d3313b2,조도윤,Male,50,1974-03-14,대구 서초구 62길 62
24179601-290c-4377-a873-e242e783f173,박지우,Male,41,1983-05-26,서울 북구 54로 54
513ff3b0-acf6-424e-a092-330f7da9801c,윤민준,Male,44,1980-02-08,대구 남구 85길 85
91453444-8994-416b-9ac9-3eeb6ebec14b,최지후,Female,48,1976-12-25,광주 용산구 6로 6
27c3ea1e-4c81-4fa8-bdcf-70258d24c42b,강지후,Male,36,1988-10-01,광주 서초구 7길 7
d7922dbd-a281-45d3-a057-b9ae90273a86,장예준,Male,41,1983-07-14,서울 남구 31로 31
d41c5e41-a74d-45c8-b2c7-75b49807abe5,김주원,Female,45,1979-07-23,인천 남구 22로 22
490860eb-5f45-47a7-8a52-24418350f92c,정준우,Female,18,2006-07-05,광주 용산구 89로 89
2761539f-ed11-4993-a5b6-ee9c0db85014,윤지유,Male,41,1983-12-29,부산 동구 58길 58
c32be2c5-455c-4798-a6de-210b8a6c1ddc,조지민,Male,39,1985-11-27,광주 강서구 30길 30
966436a0-dde4-4b03-9a8b-054cdd889da3,이윤서,Female,42,1982-08-15,광주 강남구 90길 90
fc018c71-043e-474e-8f38-f32e2f43c0c9,임도윤,Male,28,1996-02-19,대구 용산구 71로 71
b0e2ca82-21f2-45f3-be54-bfc9a258da19,조준우,Female,56,1968-08-18,대구 강서구 69길 69
4389396d-6675-4b5e-8e5a-0218ef0c3a22,조지민,Female,27,1997-10-03,부산 용산구 32길 32
2e26adc8-08d5-4384-b94a-545c1a0d4961,임민서,Female,51,1973-12-23,부산 서구 97길 97
184b5f83-de12-4812-b7a5-a8dfdb217648,강서연,Female,24,2000-08-13,광주 서초구 3로 3
192b8742-c732-4330-88e4-d6af87ca40b1,윤준우,Female,50,1974-09-25,광주 용산구 67길 67
73325174-4fbc-4252-95b6-a4d9e303b062,강주원,Male,31,1993-11-26,부산 강남구 95길 95
6739405f-4ede-4cab-a028-74ff48f75f57,장주원,Female,44,1980-05-25,인천 강서구 23로 23
163e3cf3-f41f-4cef-9265-8ef3e47bff0e,최서연,Male,38,1986-04-28,인천 관악구 13길 13
248754f0-8a75-4812-b31e-e1dbc8564472,이서준,Female,53,1971-04-04,인천 북구 23로 23
b6054cd4-c628-444d-9434-9dbdbc78352d,장지민,Female,25,1999-03-19,광주 용산구 71로 71
9ebbbb01-d43e-494d-9cb5-3edf1f21729d,윤서윤,Female,49,1975-12-11,서울 서초구 35로 35
efd1cba9-4b8e-43af-b8c5-6a0c31752740,임민준,Male,19,2005-08-12,대구 서초구 40로 40
c36a7093-ac51-42ae-b999-3b28d6c0a937,강지호,Male,38,1986-06-29,대전 서구 94로 94
8afc022a-e10d-4caa-99f0-bc340f37f8eb,최주원,Male,48,1976-01-09,광주 강서구 99길 99
eabcb403-e032-4884-b21d-9fdecacf479b,정하준,Male,54,1970-06-16,광주 북구 85길 85
39f54eb0-98fe-4786-aa50-cb78deda01bd,이예준,Female,50,1974-07-01,인천 관악구 16길 16
a237d54d-49a1-4d71-beeb-c78a04bffdbd,윤지우,Male,56,1968-11-06,인천 강서구 58길 58
0b650667-2bde-4dcb-a906-b6ba201dfe38,장예준,Female,64,1960-05-29,대전 유성구 99로 99
2a3664b6-bfd8-472d-ac1f-7932d90dff10,강서현,Female,16,2008-03-31,광주 강남구 11길 11
b4462a5d-f519-4148-9d60-d61ad70b0e86,임예준,Male,16,2008-01-08,대전 서구 98로 98
9854c7c5-e846-4607-868e-1771c6c34f44,김윤서,Male,18,2006-12-26,서울 북구 30로 30
4da26e62-d3ff-4df7-911f-96b2e9b3dff9,임윤서,Female,15,2009-02-21,부산 관악구 61길 61
1407e408-1a37-4316-bc1c-d75dbc15768a,윤민서,Male,31,1993-11-13,인천 관악구 95길 95
fb322d85-b290-4c03-9828-ae12e9314b07,강하준,Male,57,1967-06-14,대전 용산구 67로 67
9af59720-3593-488c-bc60-0d7ad75c8eb2,정하준,Female,30,1994-07-28,광주 강남구 69로 69
01c85b74-c09c-4c97-b3e5-95cf9f7d33f8,조하준,Female,13,2011-10-23,인천 강남구 10로 10
12b5a567-3e5c-49f2-84b2-0789b9c216ca,임지우,Male,48,1976-05-12,대구 강서구 3로 3
bd8b9f7f-7128-435d-bde8-43beafb39d86,김지호,Male,45,1979-09-03,대전 북구 26로 26
0cc06b2e-799d-46a1-9ab5-fab187563352,장지유,Female,31,1993-11-14,인천 북구 66길 66
01d64acf-2b9d-4254-8cd5-f258a04d1f67,김서현,Female,18,2006-09-26,대구 용산구 86길 86
e4c26608-71ce-44df-bac5-03cb86a811e8,최서윤,Male,42,1982-02-05,대구 서초구 53로 53
020a7087-f300-49d6-a3c9-d754f434b8f4,조지우,Male,54,1970-08-12,인천 남구 56로 56
a420728e-bb6e-4e3d-b89a-b545c803ed13,임윤서,Female,50,1974-02-15,대구 유성구 29로 29
dfcc4a83-b5ba-4a40-880f-ded206556f93,장하윤,Female,62,1962-03-08,광주 강남구 44길 44
fc3862e0-52cb-4112-adba-e280acc9b4c3,장민준,Male,45,1979-12-23,광주 강남구 95로 95
fc3c1dfe-bcc6-4e06-b749-9a6ada9de518,임윤서,Female,29,1995-02-26,서울 서초구 12로 12
1353fbb2-eac8-4bc9-8786-28875e86198c,임하준,Male,32,1992-04-20,서울 남구 75로 75
ee3698ac-a2ca-49a3-ac3f-7492dea097bf,최예준,Male,43,1981-10-07,부산 북구 47로 47
b8b997ac-1d7d-4fc0-8214-0340246503e1,장민서,Female,63,1961-04-24,대구 서구 18길 18
9667933a-17d5-4c09-a0eb-6337585a49a0,강서윤,Female,29,1995-10-06,광주 서구 98로 98
36eeeae3-1569-41e7-ab45-aab32283ee83,윤하윤,Male,62,1962-12-29,서울 강서구 47로 47
fb0907db-7750-4056-81bc-9a9c6bbe9204,정지우,Female,22,2002-05-27,대구 서구 81로 81
b39b2786-6950-4041-ae54-0b19ac9633db,최하준,Female,19,2005-09-13,광주 용산구 30길 30
c52b5f30-1439-4e06-a0a3-c004423c957d,강서연,Female,58,1966-01-05,인천 관악구 33길 33
78e35951-0cbe-44a1-8092-90d8b0e68496,강지호,Male,20,2004-03-25,인천 남구 88길 88
2f2ba6bd-d749-47b5-acbe-c2da89db3146,박주원,Female,39,1985-07-30,인천 남구 7로 7
1797dd60-a8bd-46c5-bdc6-7dcd88b6d114,최서연,Male,26,1998-06-28,광주 관악구 42길 42
1869c10f-6f3f-4f22-8c4c-2a4394b5c47d,강도윤,Female,45,1979-05-31,대전 남구 72길 72
addc28e2-195a-4474-8e51-f2c712402aca,이하윤,Male,35,1989-11-20,서울 서구 46길 46
18b4ca9f-54c0-4786-9ebd-fd8232bb0633,임지우,Male,37,1987-11-07,인천 관악구 89로 89
1d190a7d-25b2-4c8b-b3dc-f515e4b75454,강윤서,Male,53,1971-05-17,서울 서초구 55길 55
d1db3b08-58a2-4c83-951f-4d284c285113,이예준,Male,40,1984-06-01,인천 유성구 61로 61
0fe1fc3c-0ebe-49e2-a686-211638a6c01c,최민준,Female,29,1995-11-17,대구 용산구 64로 64
d9d51253-5317-401e-912c-8a9ef5703041,장서윤,Female,47,1977-06-30,광주 서구 55로 55
c42f19da-9cab-4d01-8193-1b3a1bc6e556,김지호,Female,25,1999-08-31,인천 관악구 39길 39
7abdc7ed-75fd-4e37-8ba8-0bb262f185bd,장하윤,Male,37,1987-02-07,서울 서구 22로 22
a1ed06c5-9c91-4e6f-bb4e-2e002c6cb55f,임지호,Female,27,1997-02-01,광주 관악구 71로 71
e94be371-dfb1-4a39-9f4f-87d5edc544a3,정주원,Female,21,2003-05-25,인천 강서구 99로 99
6abf204c-9f2e-4a7c-80d2-2ed0c6498741,윤민서,Female,63,1961-05-23,인천 강남구 31길 31
547b8bff-30a3-47a7-9709-470d6caec495,조지유,Female,39,1985-01-18,부산 동구 2로 2
cc34f716-cb19-47a5-8d4e-8fe7bf1e51d8,정민준,Male,20,2004-09-01,서울 서구 74길 74
cffde293-3291-4cd4-90f5-58e398014e72,윤지후,Female,57,1967-06-24,서울 동구 51로 51
cde34cce-fb8b-4691-8e76-bfe0df07b27f,김윤서,Male,52,1972-03-15,대구 관악구 22길 22
2a011b60-ceea-4e87-91d2-c74394b9608e,윤지유,Male,34,1990-10-24,부산 남구 55길 55
f300a44e-37ac-4981-832a-c607dbcd3151,임지유,Female,23,2001-09-19,부산 남구 18길 18
a94a794c-3bdc-49b9-9a61-50ea555be7b0,강하은,Male,15,2009-03-11,광주 동구 43길 43
63ee85eb-d6f8-4d75-b1d5-158ccd536853,정하윤,Male,58,1966-04-04,인천 유성구 32길 32
a4edb9ca-1306-4447-b46c-0a2b0f7469ca,정하윤,Female,33,1991-03-15,서울 유성구 11로 11
f8581ec6-0822-4719-b670-ecd346066cd4,장주원,Male,15,2009-05-08,인천 북구 7길 7
a24febaa-3671-442a-8a33-1873f84aa7c0,임하윤,Male,61,1963-06-20,대구 관악구 23로 23
ceacb103-acd3-4185-b374-57427efd5baf,장준우,Male,47,1977-03-20,대전 강남구 43길 43
41194548-5a97-4c67-9024-eb1d56be3010,윤준우,Female,23,2001-01-07,인천 동구 19로 19
eb1c6d55-d50d-4b27-9519-aecda5757387,최서현,Female,14,2010-08-19,광주 북구 18길 18
7a8653e3-e209-4bdb-a809-d015d9ed6397,김주원,Male,24,2000-09-14,서울 유성구 82길 82
5c9182b5-4612-4856-b1b9-c24070040657,윤지호,Female,59,1965-05-17,대전 서초구 86길 86
b8d2d7bf-8d33-475a-996a-7a969413ea96,최예준,Male,49,1975-02-02,서울 유성구 91길 91
a47f9f77-8c1a-41b0-b33a-437aa8d98e61,조지우,Male,62,1962-08-18,대구 동구 96길 96
a17ead33-9d8d-41ff-a76d-098efc1c9015,김민서,Female,30,1994-01-18,부산 강서구 86로 86
12b75387-75e5-4391-9f3a-7d1a1a167317,장준우,Male,44,1980-12-24,대구 용산구 66길 66
29584d7b-b3e2-4080-8fd8-7ac4c9d9b1ca,임도윤,Male,46,1978-10-23,광주 강서구 2길 2
def20760-5d95-490c-841e-499269dc24b8,이예준,Male,13,2011-08-18,부산 북구 21길 21
029af4c4-d966-457a-82ba-071e5f452f71,강지유,Female,44,1980-11-24,대구 서초구 40길 40
b8451d8d-174b-4758-b614-0bc7921d9c20,최지우,Female,41,1983-04-29,인천 강서구 14길 14
fb04bb87-9c99-48b8-a9fa-b86c9469c71b,장서윤,Female,44,1980-01-24,대구 서구 62길 62
0ad5b30e-0b38-4192-aefc-f1d7ec608343,강예준,Male,56,1968-08-27,대전 유성구 55길 55
4b1c4e51-1742-4389-9f86-21a21b30ade7,강하윤,Female,34,1990-10-11,인천 유성구 86길 86
e09bd73b-3af2-4312-947c-7027d80cdf7f,강민서,Female,21,2003-08-31,인천 용산구 33로 33
62d7b2d2-a1e7-4deb-b039-e0440f7b748e,임하준,Male,20,2004-12-08,대전 북구 54길 54
e6650900-0f99-472e-8cad-57b3944fb29f,김도윤,Female,41,1983-03-25,인천 서초구 68로 68
2c8b5ca6-8133-4366-9d09-4dda80eaeb50,박도윤,Female,53,1971-10-08,서울 서초구 19길 19
260878d3-658a-4cc9-a114-dc1c7a706715,박하윤,Female,24,2000-07-31,광주 강서구 85로 85
0d2cd962-fa74-46b2-8add-16ee3c8d6847,박하윤,Female,54,1970-05-04,대전 남구 53로 53
58620c1f-4634-4ede-982b-792e20f06ed7,윤지유,Male,61,1963-11-23,대전 강남구 26길 26
2230aaae-d0dc-47ea-861a-b100c1303051,최하윤,Male,52,1972-11-02,광주 강남구 69길 69
78dda814-8b94-4ff0-9122-e69ebee909ef,박주원,Female,57,1967-12-10,인천 서초구 80길 80
b65df9ae-ba61-4816-a650-8cadd8cca68c,조지민,Female,19,2005-12-15,서울 용산구 27로 27
c797b6bb-04b3-4ca9-a6c4-68df9cda51f0,최도윤,Male,44,1980-03-06,서울 서구 14길 14
c5fc1584-8a8a-47ce-8bf1-1a11d1d1c159,강시우,Male,56,1968-05-20,대전 강남구 59길 59
57f73680-56fc-443e-a6a4-e1576237252e,최시우,Female,18,2006-04-10,광주 용산구 67로 67
9f2f42a1-298c-4aae-918d-f4d3dfd69aa0,박하준,Female,38,1986-12-19,부산 유성구 98길 98
1e04cb8b-ad36-4636-8888-a76e65a9f1a0,강서윤,Male,64,1960-08-16,서울 북구 42길 42
dc5d16b7-7817-4d30-92d3-1e128ad54fb9,최지후,Female,45,1979-12-10,부산 관악구 31길 31
6a84143c-a318-416b-af04-b976656c8eb0,장윤서,Male,41,1983-01-29,대구 서초구 57로 57
c935eb07-a8c2-4ed5-a9b3-0c9d01ede652,정지민,Female,43,1981-03-16,인천 동구 85로 85
14ea14c4-d512-44c1-bf47-55896272bf80,정민준,Female,41,1983-02-16,부산 서초구 4길 4
c945ff8c-f0f0-4a23-b8f9-897f17d73036,조서윤,Male,33,1991-08-21,부산 남구 45로 45
e2b0a6bf-dfe1-4e3c-9030-d38f9dc44907,윤주원,Male,52,1972-06-28,부산 서초구 72길 72
27aa1437-967a-4d6d-85fd-31b0d39d35ec,강하준,Male,26,1998-12-16,부산 강서구 25로 25
a8310c97-6d75-4618-b18e-50e3a76eadfa,최하윤,Female,45,1979-05-07,광주 관악구 87로 87
567c0f18-b51f-4c58-a7a9-67416bb8807e,정서현,Female,16,2008-01-25,대전 용산구 35길 35
2c803484-67c3-48f3-a3cf-afe14e1ed954,조민서,Female,14,2010-04-22,부산 서구 47로 47
0355d60f-5cf6-494e-b334-d15cb7bd059b,강지유,Male,35,1989-05-17,대구 동구 91길 91
1610bfd3-a0ff-4b14-a387-395fc6b123ba,최서준,Female,55,1969-02-24,대전 강서구 52로 52
00011862-6863-4345-be20-5e321dc2fcfa,박하준,Female,19,2005-04-10,대구 관악구 61로 61
0a16621a-cf02-4c15-943a-c3c3f186c33a,조서준,Male,51,1973-04-11,서울 용산구 28길 28
5afe1b6f-0443-45a6-93be-455079bd4165,이예준,Female,54,1970-07-01,광주 서구 20길 20
c7520a71-81f4-48ad-bfc2-0b4a83381ced,강시우,Male,55,1969-07-06,대전 동구 45로 45
00d84700-b873-47a9-8d37-88ead6f361d6,이윤서,Female,51,1973-01-07,부산 용산구 63길 63
a0a8ae71-e727-48bb-bcaa-9cf1bc5e1be7,정지우,Female,64,1960-11-20,인천 동구 69길 69
f54613c9-5286-49aa-8766-8205aa494ec8,조지유,Male,23,2001-01-23,부산 강서구 59길 59
7688e7bb-1476-4ec3-8ef8-cdd71ebdad95,임지유,Male,58,1966-06-08,광주 남구 35길 35
76a4d5da-e2b7-4a68-9106-06007c351dbc,김서연,Female,39,1985-04-10,대구 북구 32로 32
4b51c6a4-22a5-4475-982c-c06cd79a8a94,박시우,Female,14,2010-06-16,서울 유성구 90로 90
13d16c3a-0577-46a2-8e0c-2c3adf25fe31,최민준,Female,39,1985-12-03,대구 강남구 17길 17
d07ddc53-57bb-4176-888d-4f57b0b6b963,박지유,Male,27,1997-10-24,대전 유성구 6길 6
b1acf746-6e70-44b2-b495-07be39d257c8,정예준,Male,59,1965-05-21,광주 강남구 92길 92
951e0aa1-f7a5-4c3c-abf1-7e466ee5b598,이지유,Male,28,1996-12-05,부산 강서구 48길 48
ba49a187-0122-46df-a278-43eb822f3bc3,윤서현,Female,52,1972-03-14,인천 동구 92로 92
9985132d-ca0e-48e1-89b9-17e92181b132,최지호,Male,22,2002-01-30,대구 관악구 2길 2
8dea43a5-fabb-4e2b-8823-9915667fb176,임지민,Female,59,1965-08-30,대구 서초구 13로 13
721018d0-8e96-481d-ba1b-1ad2bbe9af61,조주원,Female,24,2000-12-07,광주 강서구 73길 73
c80a6d5b-398f-4a3a-b338-ab12afba1a8b,임하준,Female,42,1982-10-07,광주 유성구 61길 61
f64d3c22-ff7b-4e87-b095-80352161e74f,김주원,Female,28,1996-11-29,인천 서구 6길 6
406bccd3-1478-4b2f-9bd8-ec9e8a88c1f8,조지우,Female,52,1972-08-22,서울 동구 96로 96
2c728ad8-5b13-4984-9eb4-881196d08175,윤서준,Male,43,1981-03-23,서울 유성구 96로 96
0f6c0c67-1aa8-4380-bdad-7b26e7a8ab37,최서연,Male,25,1999-05-19,대전 용산구 8길 8
2734ad24-84b3-4cb3-837f-11e4ba74eeaa,임지후,Male,36,1988-08-14,대전 동구 98로 98
e5067d61-0952-4401-8693-ab6bd6e5632d,장하은,Female,35,1989-06-20,대구 용산구 1로 1
b549b535-1971-4a0b-8f71-1c118cd4bc75,최지우,Female,58,1966-02-21,부산 남구 68길 68
3acf7f4f-4188-447b-9e17-abbdee07114f,박도윤,Female,52,1972-11-03,광주 강남구 96길 96
48cc6d4f-767e-49fa-b1a9-7cf793ed85d9,박준우,Female,48,1976-07-02,서울 강남구 67로 67
1c2875a8-5f65-40ef-9cc3-33a266846fd5,이도윤,Male,43,1981-01-29,대전 남구 16길 16
efa80cbd-2543-455a-a3fd-92af774d0f31,장예준,Female,43,1981-11-21,서울 관악구 90길 90
454247cc-05d8-44eb-8968-00e49a77db61,조지후,Male,25,1999-09-11,인천 북구 58로 58
18e33024-c230-4e6a-98ae-b4a5941cfbe5,강서연,Female,14,2010-11-26,광주 동구 18길 18
409726a1-56db-44b1-8efe-702b7819e164,김지유,Female,51,1973-11-19,대구 유성구 47길 47
4172b0dc-0c21-4171-957a-775ef464242a,이준우,Male,25,1999-08-21,부산 관악구 56길 56
29441e06-b5f4-4f31-adb4-81024208a81c,김지호,Female,23,2001-04-05,인천 유성구 70길 70
92554b5f-d26d-4df1-91c3-b8ede34ef119,강하준,Male,52,1972-02-20,대구 서초구 27로 27
7efc7750-b09c-46d5-9421-83061ccb604c,장서현,Male,62,1962-06-26,대구 북구 5로 5
4a703f0d-90a8-4b3f-807e-cebad8b1c07e,조서준,Male,43,1981-01-31,대전 서초구 2로 2
0c4635de-025b-495e-a79c-539f8d56c4a9,조예준,Male,15,2009-05-23,광주 북구 46로 46
291b5137-ba30-49cf-95d6-b22f78dc9a4a,정하윤,Female,44,1980-10-25,대구 북구 59길 59
cacb5294-496f-4898-bb46-4660db439f58,조지후,Male,39,1985-08-30,부산 동구 1길 1
0f2631e5-825d-461e-bda1-9453c8b8dd99,이지후,Male,26,1998-01-10,대전 북구 69로 69
52c77e2a-b33d-4a96-93de-0edb2419d5c9,장도윤,Female,46,1978-06-16,대구 동구 17로 17
65d99c2d-b60d-4109-897d-a150cb250337,이도윤,Male,26,1998-12-02,대전 동구 51길 51
3d764e57-66d8-4f8c-85dd-3c6d9bdd672f,이지민,Male,44,1980-05-28,부산 서구 6로 6
02f02455-a913-4004-ba3e-2dec85594579,장하윤,Male,27,1997-12-12,인천 용산구 10길 10
ee93ab26-2b4b-43c4-b31e-906b4c6079c9,정지우,Female,27,1997-01-19,인천 강남구 8로 8
edb772a7-a3e6-4810-bc25-8de586afc0bb,김지유,Female,25,1999-02-07,대전 서구 13로 13
93adca68-5276-4615-b2de-ae395738bc18,최도윤,Male,56,1968-10-19,서울 서초구 41로 41
620c33a0-ae2b-4c67-8d7c-aef31fd2cef7,최서현,Male,38,1986-01-15,인천 서초구 38길 38
40bf4502-3e6b-4911-bbf6-373cd7d2fe21,강하은,Male,58,1966-04-09,대구 서구 16로 16
342b49fd-21ec-4735-85ec-391037751a0d,박민서,Male,27,1997-09-03,서울 서초구 30로 30
76cb6338-63dd-4866-8b0f-ee787d363356,최하은,Female,36,1988-03-19,대구 동구 35로 35
88224d07-2d78-4b6c-9357-ec9fd4d5d866,정주원,Male,59,1965-03-19,광주 강서구 83길 83
97522ece-df84-4b9c-9967-efa94dde9192,윤시우,Female,23,2001-06-12,대구 관악구 45길 45
1ae80ee2-14f8-4a6d-ba68-9e8d4c1444e7,장서현,Male,43,1981-09-09,광주 서초구 63로 63
215703b5-7a6a-4a2d-9950-50b70df13a73,김하준,Female,17,2007-11-12,부산 남구 76길 76
261c503a-09f0-436a-be0c-cd8a7dc4c524,최예준,Male,64,1960-09-13,서울 유성구 91로 91
4339bd32-ce26-433a-9dde-47c1a3566fb6,임서현,Male,26,1998-11-27,대전 유성구 31길 31
3ecc25f5-46e7-46f2-b677-7dfca1bc32b7,장윤서,Female,37,1987-05-22,부산 동구 38길 38
ee46a534-55ae-4db8-b4cd-00c134691a9d,정서연,Male,29,1995-05-03,서울 유성구 63길 63
1a00fde3-6e4f-4ce2-9a8e-41e7c71be7dd,이서연,Male,51,1973-06-27,대전 강서구 78길 78
f84ba5c5-e470-4cc3-9bb3-5c832794b68d,강윤서,Female,57,1967-07-03,인천 서구 75길 75
53c29000-e322-495f-a541-be9ca26ddf70,김지우,Female,50,1974-03-15,대구 관악구 22길 22
fd2a4763-7ef2-4daa-b6a0-d1b0c37bec7f,이지우,Female,15,2009-04-27,서울 서초구 37로 37
62ef0dea-9883-44a1-91de-daceaa5de123,조서준,Male,58,1966-03-05,인천 동구 78길 78
17322aed-ad36-4a57-9a25-6406817d4920,박하윤,Female,16,2008-08-08,대전 강서구 95로 95
ed5d5af8-8b31-4e2c-abbd-c287fd77d92b,강민서,Male,49,1975-12-06,대전 서구 44길 44
4178c3f2-07ce-4a69-b991-7aba2d3b36e0,정서현,Male,58,1966-05-13,대구 관악구 51로 51
43edce58-cc97-491a-98f8-e1d1f9a521c7,정지우,Male,13,2011-02-27,인천 북구 37로 37
c6ec80e6-f4fb-4996-8394-c3e9f89fe441,윤지호,Female,35,1989-08-27,부산 관악구 8로 8
f7cba34c-950a-45af-92be-353452fcf7e1,최서연,Female,13,2011-12-05,인천 북구 53길 53
d59907c4-5473-4236-a7a7-9f1070086bcc,조예준,Male,52,1972-01-15,대구 남구 45길 45
7f8d336b-6059-4860-82a9-cc6ed071c562,최예준,Female,52,1972-07-07,대전 관악구 52길 52
df857b8a-c710-477f-b9f9-97e03123b834,이서연,Male,29,1995-03-22,부산 용산구 9로 9
e81ffc34-ef44-4ad0-a0b7-abf422a1c743,강예준,Male,36,1988-09-10,대구 강서구 73길 73
e1fba54e-b7fd-42d1-bdfb-1e80ffc8d8f4,박도윤,Female,42,1982-01-04,부산 강남구 71길 71
e9c3fea9-58ef-4b6f-b8f2-b87270dce177,이민준,Female,44,1980-09-15,인천 유성구 75길 75
2e6c08ee-71ee-4782-a7f2-e6a3cc08eb84,조도윤,Female,45,1979-11-30,부산 남구 30로 30
fce099cd-ebad-4ba5-98b2-0540a38505d1,박민준,Female,36,1988-12-31,인천 서초구 50로 50
2096cb10-fa4f-4b74-91e2-af1aacbc4096,최도윤,Female,43,1981-01-25,인천 북구 36로 36
ae8d92a5-f0b6-4fab-afda-f6559cd5d34c,강지우,Male,41,1983-12-19,광주 남구 89길 89
c7eb59d6-e2b0-4deb-86df-a14e07f23346,최도윤,Female,18,2006-12-12,서울 서구 56로 56
e509d800-351a-4370-8689-c2095546f7b8,정주원,Male,57,1967-10-06,대구 유성구 98길 98
7e10b3d7-dbe9-4061-9c7c-5b3ff62e0714,최시우,Male,46,1978-08-13,대전 동구 50길 50
84d716c2-451f-4081-b39e-534a362cbfe1,장하은,Male,56,1968-10-20,광주 서구 37로 37
caa1217c-de38-43ea-b8cc-38ac8b65e7ab,조지호,Female,50,1974-01-17,인천 유성구 10길 10
93f7c730-d1fd-4424-beb2-36faef8e3c15,최예준,Female,40,1984-07-18,부산 남구 53길 53
73fabddf-5ac0-4665-928c-ac51175d1aa8,임준우,Male,37,1987-08-08,인천 남구 1길 1
49a6e4c8-7c36-4dd1-a64e-60f62f2d627b,정지우,Male,39,1985-04-30,대구 북구 96로 96
de4596ad-eebb-4161-a694-37ceba6f00dd,박하은,Male,16,2008-08-12,부산 서초구 76로 76
32bd1eb4-22a5-4fa8-b659-6f7910e0519a,최하준,Female,24,2000-06-04,부산 용산구 81로 81
3504fa3a-411d-4563-b0cb-7d3773786330,정서준,Female,59,1965-01-02,부산 유성구 11길 11
859f4d4f-c382-4728-a87c-fd2b8b746127,이지우,Female,41,1983-04-25,대구 동구 79로 79
c88366f4-cdf9-4fa1-8437-0e66dd9e0f7b,이윤서,Female,14,2010-01-17,부산 북구 51길 51
debc7e52-100c-4628-b1dc-bea2cdd8b2de,윤민준,Female,17,2007-11-16,광주 서초구 5로 5
e0f818a4-d68f-412e-be7b-6c96efb84434,조예준,Male,51,1973-07-16,대전 서초구 54로 54
f02721c6-0940-430f-a862-164f307c6464,강준우,Male,28,1996-06-15,부산 강서구 83길 83
b6307199-96c5-4e5c-8cc7-cf1e1beb8bc2,강지우,Male,62,1962-12-24,대전 서구 60길 60
89803bc4-8d90-435e-af65-2cd92d09e218,이민서,Female,40,1984-12-05,광주 서초구 76로 76
14c44afd-ee16-4bcb-88d4-e96e794dc9a6,최주원,Male,51,1973-12-04,서울 관악구 40길 40
07d57a26-6e87-43b9-ba70-05a60afd7338,강준우,Female,55,1969-05-28,인천 유성구 38로 38
c800c401-5163-4f70-a23a-47422f0375c1,강지유,Male,14,2010-12-15,대구 북구 43로 43
55d1e4ad-0252-47cf-9697-ccc5e30a1bb5,윤하준,Male,17,2007-12-27,대전 강남구 45길 45
39f55a79-a99f-4586-88d1-bf5b8af1738d,최도윤,Male,32,1992-09-05,부산 용산구 68로 68
1bb3843f-ac8e-4368-9dfb-056d73c51e2f,정지유,Female,20,2004-06-29,서울 유성구 47로 47
3776bb7e-b994-4663-8070-6e13f1a91fc1,조윤서,Male,47,1977-07-09,대구 동구 86로 86
10edf838-5307-4234-8829-aa5fcf2430f1,임서윤,Male,38,1986-10-21,대전 서구 99길 99
74764c2e-38ab-4d77-b674-5d13300fc405,박예준,Female,49,1975-02-11,광주 유성구 92로 92
b7f2085e-67c8-4c19-8127-a0fc3842707f,조지민,Female,48,1976-06-12,대전 유성구 28로 28
dc7bb92b-e22a-46cf-a0a8-75c72cb4aa98,임서현,Female,53,1971-07-06,대전 용산구 91길 91
9abc1c73-b585-487f-839e-1bd44210ab15,장민준,Female,60,1964-05-02,부산 강서구 59길 59
e44af79e-6c69-4878-bc2a-d151f899a431,조민서,Male,15,2009-02-03,인천 서초구 54로 54
79ec79a5-765c-4a3e-bc36-ffffad7b4a2f,강서준,Female,35,1989-01-29,광주 서구 57로 57
ce7966e4-efe3-4789-8de4-ce2f2bda8de5,정주원,Female,26,1998-04-20,대전 동구 91로 91
28c64a49-ffec-4eb4-80bf-eb10b017c680,조시우,Male,62,1962-02-25,대구 북구 56길 56
190688d6-13ca-4d3a-8781-e24de16a90d3,김하준,Female,13,2011-06-28,대전 관악구 96길 96
4c6ca52f-8ff9-4260-93ac-050241f9b853,장예준,Female,14,2010-11-24,광주 동구 9로 9
7a6eab37-bff2-4368-b3f1-4223a57bdf4e,최지민,Female,63,1961-02-26,서울 북구 61길 61
7ffff99a-57d5-49a5-b06f-d6d502f22e6a,조시우,Female,17,2007-06-26,인천 남구 100길 100
aa65bbba-ff32-4633-a720-34d4bcc11e40,장주원,Male,16,2008-10-24,인천 북구 7길 7
5e460f44-54e5-4012-9306-ec1188a796c6,김도윤,Male,42,1982-01-09,광주 강남구 18길 18
800ea2e9-71c2-4941-bb25-2de0d0b85da1,조지우,Male,28,1996-02-01,대구 관악구 53로 53
7c511747-16e7-4e73-96c6-ec67475707d5,임지유,Female,28,1996-05-30,대전 북구 55길 55
7ea5c9c1-12c2-45b9-ba21-0dc21aceeb09,김준우,Female,54,1970-06-06,대전 관악구 88길 88
0bc507e6-d317-4685-9d80-74989196e279,박주원,Male,59,1965-03-24,인천 북구 49길 49
c3090369-ae0b-4f4d-940b-d17d0bd1d5b4,임윤서,Male,61,1963-10-22,광주 동구 36길 36
a11da3fd-3a81-426f-80b4-29f21c68346a,강하은,Female,50,1974-07-04,인천 강서구 29로 29
1389f176-3974-4053-91a9-9d77538bcc48,정민서,Female,42,1982-03-04,부산 강서구 14길 14
9caa9ea1-fc53-49f0-a2f5-e8a40f599bad,장윤서,Male,28,1996-06-14,부산 북구 36길 36
4e4f7fcf-fbf2-4084-b4ae-c6585ea0752f,조도윤,Male,60,1964-06-26,부산 관악구 43로 43
e354170a-6bc4-4348-b60e-1c253f4794cb,박윤서,Female,63,1961-06-03,대구 서구 30길 30
47d5fe15-d9e3-45c6-bcc2-a65652cfe3d7,최서연,Female,47,1977-03-21,부산 유성구 32길 32
2fcf72c1-3c11-4fe9-b144-2523e0e3f303,조예준,Female,57,1967-03-15,부산 서구 19로 19
e0643651-8a55-4015-9ccd-4ec749178631,강지호,Male,37,1987-06-10,광주 용산구 32로 32
33ffabae-fff2-431a-b025-7ff74909e704,정지유,Male,24,2000-04-16,대전 서초구 15길 15
03c7e83d-36cf-4a46-8dbf-1c73ca71dae0,최하은,Female,36,1988-10-30,대구 동구 11로 11
aa858549-91bd-44d9-915e-93a6f5e9e974,조지유,Female,19,2005-05-07,인천 유성구 65길 65
5412a28f-7e8e-4ff8-a130-36e5e3a4de66,조하윤,Female,57,1967-05-18,서울 동구 61길 61
86fbaef8-c490-4275-8af0-1fb605303c1c,윤민서,Female,45,1979-09-16,대구 관악구 54길 54
24d5d4c9-e900-4818-a870-d7c0b5d470be,장도윤,Male,36,1988-02-02,대구 강서구 94길 94
db564346-5795-4167-be84-74e9a1ca7642,최지우,Female,46,1978-06-04,대전 서초구 54길 54
5551c1b1-bd88-4317-a84f-15c2f0d0ff8f,박민준,Male,37,1987-07-10,서울 동구 23길 23
431f95d1-3516-47d1-bbb1-6d30fc3f772f,조서연,Male,63,1961-08-25,서울 유성구 71길 71
4e71658f-28b4-4519-9207-ad996cd99170,박서연,Female,40,1984-07-07,대구 용산구 75로 75
155e3f30-5f92-4f65-aa92-f6687aa80068,강민서,Male,39,1985-11-22,인천 용산구 15로 15
adb3fc1a-61d4-47d2-8ed7-cf11e755bcfc,박지호,Male,39,1985-02-20,인천 강남구 34길 34
c68299ee-cced-419f-a950-399538fac1b3,윤서준,Female,45,1979-06-19,인천 북구 90길 90
db5efd14-c584-4b9b-bd1c-6171a140d51b,정지후,Female,35,1989-09-25,대구 강남구 95로 95
951ebd2f-8c0b-4260-8867-bffe7799c1e0,조지후,Male,45,1979-10-15,서울 관악구 92길 92
ed1561af-f3e9-44a2-aa39-b599f1bb88b9,장서윤,Male,22,2002-07-13,대전 강서구 44길 44
dc8a1a7c-2d03-47e0-a622-18d1f15fc233,박시우,Female,36,1988-03-08,대전 서초구 25길 25
afe023c8-5818-42c0-9616-3e784ea09c12,이서준,Male,29,1995-05-16,대전 용산구 59길 59
7bd6bc8d-8dcd-48ce-a84d-8fd7aee425b1,윤지호,Male,46,1978-12-23,인천 강남구 13로 13
f225f14a-f5b1-495d-8f2f-4f5b140dd18e,박민서,Female,58,1966-05-08,부산 용산구 21길 21
25aa4e98-d487-4321-a56d-99f6ff22de83,박하준,Female,45,1979-05-18,인천 용산구 48로 48
79e7d51c-2399-4618-9473-604348dac0ab,장서연,Female,56,1968-12-29,서울 관악구 77길 77
0ba42e28-6670-41ff-bfe5-7011a969531a,장지민,Female,43,1981-07-31,광주 강남구 60길 60
0e8cfcdc-71ba-4e72-8c82-f28f2fdac2c4,김도윤,Female,33,1991-04-11,대구 유성구 86길 86
0053deff-d484-4762-8930-05c62d87f73b,윤민준,Female,64,1960-10-26,대전 용산구 10로 10
134ac6a7-7788-4384-b6d0-1802b95baec9,정도윤,Male,59,1965-01-14,대구 서초구 8로 8
dc7dadb5-eda4-4b98-af57-3f61908da3ed,조준우,Female,15,2009-08-09,대전 유성구 83길 83
fbf67b91-546f-495e-8dc8-b32622a6c5bb,강민준,Male,57,1967-02-10,대전 용산구 92로 92
d4225bfc-d667-4c44-a91e-fd5ed8f3180c,윤하은,Male,45,1979-10-30,서울 용산구 28로 28
c6dacccc-e6eb-49f7-acca-bf6b583214b3,최지후,Male,34,1990-06-09,부산 남구 71길 71
a474cded-67c0-43c3-8ed0-6a6be41d2295,조민서,Female,15,2009-01-12,광주 서구 26로 26
715e36da-318c-4bd5-80c6-cbc384d859b3,정민서,Female,54,1970-03-15,부산 서구 52로 52
aa66e6a5-6699-4f2c-b9ae-4a5f16962e98,김하윤,Female,32,1992-11-27,부산 관악구 26길 26
5a29d8ea-b364-4e74-9980-1497a77325d6,김민서,Female,39,1985-03-18,부산 동구 14길 14
78e529c1-674f-4674-a005-28f3522be5b5,강준우,Female,15,2009-12-17,서울 관악구 25로 25
8287aaac-213a-43ed-82d5-b20feca98b34,이서연,Male,27,1997-10-18,광주 용산구 48로 48
d0dad564-6d63-4e0d-a84f-b6ea491fe97a,최시우,Male,20,2004-12-25,대구 서구 84길 84
3c1e09aa-2df0-4811-b57c-6e091a727633,김지민,Female,13,2011-06-05,대전 남구 25로 25
53dba665-223f-4f51-997a-ad28ce14d3d7,장민준,Male,47,1977-10-22,광주 서초구 42로 42
5b4cac62-701b-4b91-92e5-d8af16354a66,정지후,Male,50,1974-05-23,광주 관악구 60길 60
a78f5b9c-742c-4fd7-abf0-22fb57d1e4ce,정민준,Male,55,1969-06-06,인천 용산구 11로 11
132b51a8-b278-4278-92e0-8015e5f6adca,장하윤,Female,63,1961-10-16,대전 서초구 30길 30
2e09a924-e6f2-4d98-97d2-e9f7418dcc88,조민준,Female,52,1972-01-14,서울 서초구 81길 81
5b80cfef-8fc6-4ad4-9b64-b94335a4fdbf,조시우,Female,42,1982-10-02,부산 남구 75로 75
2bd7bb9d-8f9e-4cd7-9a45-5b23920481fc,최지후,Male,52,1972-11-06,인천 강남구 82길 82
4d78cf1a-654b-4084-9fe3-0edbd36a8054,장민서,Male,43,1981-08-11,부산 유성구 50길 50
e14d7fd9-b3e8-4186-b7a0-ea7a9c133915,박서준,Female,48,1976-05-04,대전 유성구 15로 15
53acad91-e508-4fcf-985d-97b92945d360,조지후,Female,25,1999-12-16,부산 서구 2길 2
db9d8ab1-db5c-42b7-a0bc-a5513e477921,정민서,Male,20,2004-03-03,부산 북구 2길 2
ed2d11f4-55f9-4e90-b901-d740c0caaf7e,장서준,Female,49,1975-12-27,서울 동구 66길 66
e223a331-957f-4718-94b5-862aa61f5e0b,임하은,Male,49,1975-06-05,대구 서구 25길 25
e7724ed0-53eb-48f3-ab17-8e0fe7970bc5,정지민,Female,60,1964-01-25,광주 북구 51로 51
4aa9669c-30e4-4c45-b516-18be21be593b,김하은,Male,57,1967-01-06,대전 서구 18로 18
372b29b2-f7b0-4e27-8047-0850ba9dfbf9,정시우,Male,16,2008-03-13,대전 서초구 14길 14
c5e6c4f7-a45e-4edc-907c-48564ec7d89d,강서현,Female,54,1970-08-03,인천 용산구 97로 97
04722dcf-2f74-4ab7-ab21-00517c478668,최윤서,Male,26,1998-09-10,부산 남구 10로 10
ee54e6a9-d306-4520-960f-72f62601aaa6,정준우,Female,59,1965-12-16,대구 북구 44로 44
d77b2e79-6b3a-4e46-a626-dddbfb5066f3,정민준,Female,15,2009-01-31,광주 용산구 43로 43
c9b3f873-f68a-41cc-a765-5ba28e9b1642,임예준,Female,62,1962-07-02,대구 서구 40로 40
15cc4692-67e4-4367-b023-3c5bcf9a5b74,박시우,Female,45,1979-03-25,서울 관악구 56로 56
a723c1d8-cc9d-45fc-a536-be27f2c25f2a,김민서,Male,18,2006-03-03,인천 관악구 88로 88
e6d2a95a-e618-4763-89a0-2b24e4452511,장지유,Male,60,1964-11-15,대구 동구 32로 32
2d881820-43b1-4eae-a88c-19bb895463b1,김도윤,Female,15,2009-07-20,부산 서초구 2길 2
a3fb5d4a-1c27-4c1a-b9ef-c3cc930e1b06,임서준,Male,14,2010-08-30,대구 서구 52길 52
299643b9-c574-4a56-b190-63a899499b13,윤하준,Female,13,2011-10-23,부산 강남구 72로 72
79e68fa4-78ff-4c98-b2f1-ad52113241de,임지유,Female,49,1975-01-08,광주 북구 33길 33
a60520e4-9179-4f0e-9993-2333f43eaf6a,장하준,Male,28,1996-10-04,서울 동구 26길 26
b4e82054-1e3b-4d67-9e6f-d243dc9e602f,윤지유,Male,23,2001-01-18,대구 유성구 24길 24
cada0455-8d08-483c-96eb-b59235585dd3,박윤서,Male,40,1984-03-11,인천 강서구 19길 19
5b2d9cb6-d262-481a-a62c-25b2ee9af5f1,정도윤,Male,14,2010-04-19,인천 강서구 20길 20
4e95e70b-e9f4-4d4d-890b-769b115980c2,장지호,Male,34,1990-03-02,대전 서초구 13로 13
8f44dd17-1c10-4344-b8ce-07ca2485422b,최서윤,Male,22,2002-02-02,서울 동구 4로 4
6b057223-2e36-4daa-9e70-397ede3380c9,정지유,Male,33,1991-03-19,대구 서초구 8로 8
f9ce6d24-8e60-426f-9fcb-bb73b00de28d,이서현,Female,54,1970-12-01,대전 용산구 62길 62
4499edee-4d9c-412e-b0c9-1fde61b72419,강지호,Male,39,1985-08-11,부산 서구 3길 3
e64f0d48-0a20-4c2d-94ca-34157c4098ee,최시우,Male,62,1962-02-18,서울 북구 74로 74
ae38d820-c7b1-4347-9b99-ec59eb1bbe98,조하준,Male,54,1970-10-08,대전 강서구 76로 76
ce29c3ba-8ff4-4658-95dc-90f179063059,조민서,Female,21,2003-01-10,대구 강남구 58로 58
3b021a51-0c10-4726-89a9-5a52afbe65f6,김서현,Female,44,1980-12-17,대구 강서구 34길 34
3f97e434-2fd9-4936-81d5-9497979dae49,강예준,Female,48,1976-08-11,대구 동구 6로 6
fc1415fa-be2d-4431-b2cd-dff756946293,윤민준,Male,57,1967-11-08,서울 강서구 39로 39
11e8c361-b6f4-450e-b61e-c7e55a529c95,윤주원,Female,16,2008-12-15,광주 관악구 67길 67
32e6a45e-148b-4f97-a670-ee6ca0f24fcd,김지호,Female,30,1994-04-26,부산 강남구 44길 44
3a236961-d4a2-449c-b6a1-77c129fe040d,정지우,Female,38,1986-09-24,인천 남구 92길 92
de15f189-66a2-4899-875a-e84c32d0cd10,정지후,Male,63,1961-12-14,대전 강남구 19로 19
701890e7-37d7-47a3-906e-63d0086f528d,정준우,Female,45,1979-08-14,인천 서초구 41길 41
1f5f730e-ba74-41c1-abc3-846c17301228,이서현,Male,19,2005-01-08,광주 관악구 38길 38
a6552689-f3c0-407e-9543-99d288f8a26d,김서준,Male,32,1992-03-14,부산 강서구 56길 56
83291317-03b0-4031-9905-b3829f5c7b13,조윤서,Male,25,1999-01-05,대전 북구 11길 11
7556dfd0-a56e-48e2-a4a2-d8782d80df97,이지우,Male,62,1962-01-10,대구 서구 91길 91
1e1c158b-76eb-4330-aa30-3822d95af06f,이윤서,Male,33,1991-06-28,대전 남구 14길 14
e9d6dcaa-22df-405e-91d8-3e82365672ad,박하준,Male,41,1983-06-15,인천 관악구 14로 14
fc22c86d-5881-4087-b2cb-0d9a37ff5ec7,김하준,Female,43,1981-02-20,부산 남구 2로 2
2162211f-f331-4546-957c-996594be48db,임지후,Male,56,1968-07-02,광주 유성구 45길 45
716b94ac-dede-4d59-8d97-1784546dd2fb,정윤서,Male,25,1999-05-12,서울 북구 38로 38
7b0eba26-6039-48e2-a9da-d7acbeb2965e,강민준,Male,18,2006-08-22,인천 동구 96길 96
505486cc-2907-4e48-9cb0-ec089f0377ee,조주원,Male,31,1993-10-04,광주 북구 53길 53
5365d96a-5315-4ff7-943c-45877d3b14bd,조서연,Female,22,2002-02-13,부산 유성구 83로 83
510fcead-44a4-4c3c-8de5-ee4ef9d44cf0,윤서준,Female,40,1984-12-02,광주 동구 2길 2
ca52469a-9b86-4bff-bc68-d956fc45d89a,윤서윤,Male,52,1972-02-11,인천 관악구 25로 25
40ec3e88-0627-4852-b951-81aa415a30a3,장서윤,Male,53,1971-03-12,광주 북구 85길 85
cb12d88b-eb25-4d06-a49e-6c09acda38a6,조지후,Male,57,1967-07-16,부산 서구 92길 92
ca5144a1-8aa4-4d9e-9ff3-f1cfbe0d9ca3,김하윤,Female,39,1985-02-03,대구 동구 12로 12
73fe4342-a92c-4f85-af85-d75652a91937,강민서,Male,23,2001-05-18,대구 남구 60길 60
04fd9696-cc1a-4724-858a-14c53ba20671,박윤서,Male,48,1976-06-27,서울 강남구 48로 48
27c4fc41-25f3-470d-a548-9c902d50bf71,정지유,Male,37,1987-04-20,광주 동구 58로 58
0d2b9e0a-038c-48a8-81f9-06f4de06f874,장민준,Male,47,1977-09-06,인천 관악구 14로 14
6fe961b5-730e-4b09-bc25-778f141bc3d3,윤서현,Male,51,1973-04-12,대구 관악구 58길 58
11e8322d-b4a5-4086-a188-56e4944df9e5,조준우,Female,63,1961-01-30,광주 관악구 70로 70
7ed90d72-990d-44d9-9449-8da466098ec5,정하준,Female,37,1987-10-23,인천 유성구 6길 6
a7a50748-7fa7-4b51-8f78-f56914493439,임서현,Female,53,1971-02-11,서울 서초구 19길 19
8c6af542-8d12-49ce-8a27-538db012432d,정하은,Male,42,1982-12-26,부산 서구 8로 8
57711c37-e944-4cfb-8fb5-1d0ff8a94b25,정서준,Female,29,1995-04-07,광주 관악구 31길 31
2375d790-8dc6-4a32-bfae-4a515f762fcf,강예준,Male,17,2007-09-07,서울 동구 91길 91
a16b3cfd-aea5-49db-ae21-596818e143cc,정지호,Male,50,1974-08-12,인천 북구 61길 61
72027360-ba46-49c7-81a6-edd9a30df516,박지민,Male,48,1976-08-13,부산 용산구 36길 36
d399ff2a-1ee8-4d7e-8331-eb2a33937c0e,임하은,Male,29,1995-05-08,대구 강서구 95길 95
4b5274a5-78dd-43c5-8fa0-b0ea9981daeb,최지후,Female,25,1999-11-03,광주 서초구 57길 57
27b54765-2f8f-4d38-94b5-a693d17ffa30,윤지후,Male,56,1968-08-18,서울 관악구 15로 15
eac5f845-9548-49f2-8454-c125c4d7b6b0,이서윤,Female,27,1997-10-20,대구 관악구 73길 73
ecadbd68-ef30-44f3-87fd-b8c3960600bf,최지민,Female,48,1976-05-03,대전 강남구 35로 35
e18d6d09-12bf-4b96-9c10-9b72bf5cf203,장민준,Male,44,1980-12-05,부산 서초구 35길 35
8784b40e-1f79-4dff-bef0-0982fe3c8cd8,장지우,Female,39,1985-07-25,인천 관악구 26로 26
644e43ed-bc0c-405c-a9ca-5bba0d44d5df,조도윤,Female,16,2008-09-07,광주 강서구 65길 65
4ca5a8dc-81d1-4e70-8f0b-177cce69e7b8,박지우,Male,56,1968-09-12,광주 강남구 47로 47
9165b258-b67f-49ef-bbc5-2317183bff43,장민준,Female,61,1963-05-19,부산 서구 100로 100
0c0e7960-0b61-4e7b-b197-933d220e6700,윤하준,Male,33,1991-05-15,대구 강남구 13로 13
b635a05b-e92a-4955-8552-9fb94319588c,윤준우,Male,48,1976-02-12,서울 관악구 4길 4
3c503bd3-baa4-4a39-a577-4a4760f890d8,강서준,Male,19,2005-07-20,대전 북구 62로 62
48aaac29-e23e-4a28-824c-aacb06cef37c,정하준,Female,49,1975-02-23,대전 용산구 28로 28
25f5790c-c73c-4f6e-adb4-b6b5316d922d,박윤서,Female,45,1979-09-10,대전 서구 70로 70
72d8beac-fd58-4cad-ba96-9ec9ee12519d,정서준,Male,23,2001-10-19,대전 용산구 2길 2
7b1854a3-dfda-4c09-a222-da4fc8bfb1d7,윤지유,Female,41,1983-11-10,대전 유성구 8길 8
815a5589-e800-49dd-9d6d-3310a53e845a,장지호,Male,16,2008-07-17,서울 서초구 80길 80
7afae8d4-b312-4976-9ee4-1eae67e5c9c2,임준우,Male,14,2010-01-01,인천 서구 50길 50
8951f25d-332c-43cc-9f3b-99deeeb16811,최지유,Male,42,1982-05-02,부산 용산구 96길 96
9b57ea13-3c78-4448-9343-ec7c0a207672,임준우,Female,62,1962-06-20,광주 동구 52로 52
108d5976-1fb8-4405-8739-94c06a8fef1f,이지후,Male,37,1987-11-20,부산 강남구 26길 26
bd696d40-4998-4cab-b73f-f6294b88829e,윤윤서,Female,45,1979-11-14,대전 북구 45로 45
7c5918d8-bc1b-48de-817a-abde85f177d7,정주원,Female,27,1997-02-07,대전 북구 85로 85
bc65f1ec-a3a5-4db1-b236-24d6b958e221,김민준,Female,19,2005-08-28,광주 강서구 92길 92
d9e6571d-6d5a-46f6-9a4d-6b9277c485b6,윤민준,Female,31,1993-10-06,인천 용산구 82로 82
d10aeb64-0264-4405-a134-acf682eb5067,최지후,Male,47,1977-01-31,인천 북구 51로 51
4c79b016-d08a-48aa-a99d-52fd42aa4022,임지민,Female,52,1972-07-12,대구 유성구 93로 93
0ea50a89-31df-4d37-8870-0804ca6eda1d,최시우,Female,17,2007-09-13,대구 동구 42로 42
a139cfa4-8608-4c86-8a26-af7b92219303,임서연,Male,59,1965-09-20,대구 강남구 17로 17
d355d901-3d93-49e1-a054-b807337fdb16,장윤서,Male,54,1970-02-13,대구 서초구 35로 35
8ea10954-3577-4dc3-8841-d79403d8e488,정예준,Male,64,1960-05-04,서울 서초구 42길 42
4f0353c7-dcc8-46b7-bb93-614ae4bc5da5,이지유,Male,57,1967-03-07,부산 서구 90로 90
8a7bc6af-5f55-42f5-a30b-9be9bf815f62,최지유,Female,51,1973-07-26,대전 용산구 69길 69
6b65dea4-a59c-411b-b174-476056eb6baf,장민준,Female,28,1996-04-26,대전 강서구 27로 27
97bf08b8-44ae-4948-9a90-cd191ea3e746,김하은,Female,35,1989-02-03,대구 서초구 49로 49
7b3aec27-e0ac-41ab-805b-bdcb3833cde8,조지유,Male,40,1984-11-15,광주 강남구 68로 68
2153616c-d133-4dc7-89f5-69d29a6280a9,장서연,Male,24,2000-06-21,광주 남구 19길 19
ecbbe0db-1afd-4109-a349-c8543a0b25df,임서윤,Female,16,2008-02-11,대전 관악구 1길 1
db14fedf-8133-42e9-9e00-475747ae1357,이서윤,Male,56,1968-02-06,서울 서초구 37로 37
b0540289-cd7b-4dec-a206-4abfd605668f,김주원,Female,42,1982-11-25,부산 동구 60로 60
8c8bb0cc-c954-4c33-b835-aa29d9523797,윤하은,Male,63,1961-06-19,광주 서구 86길 86
340469d5-b38d-404e-a26f-d95ae320a6a3,강윤서,Male,49,1975-02-24,대전 동구 17길 17
56beb306-ad1e-444f-bc2a-20f2251020ef,김하윤,Female,25,1999-06-27,부산 용산구 94로 94
a08e96fa-143e-463f-96ab-5b684593d359,조지유,Female,39,1985-07-21,대전 강남구 97길 97
e2854448-9de3-437c-897f-633fb869c245,정주원,Male,53,1971-10-30,광주 동구 23로 23
05a5adf2-804c-433c-979b-526b00898ec2,최지우,Female,47,1977-01-17,서울 유성구 85로 85
cfc45147-d0a7-4708-8620-9984e383ddf5,박서윤,Male,31,1993-05-23,대구 유성구 19로 19
0c1b1ad3-63d6-4cae-b143-3f7775a2741a,박예준,Female,41,1983-11-11,대구 유성구 4길 4
1bd34737-2e82-4bb9-becb-3d1d7d88982e,최예준,Female,16,2008-05-02,광주 용산구 91길 91
844ec770-841e-4c23-9a48-ea3a35303a39,임서윤,Female,53,1971-04-01,광주 남구 78로 78
55a54d53-da59-45c1-8980-9f3c6496f946,이도윤,Male,45,1979-07-18,대구 서구 58길 58
e652b3a1-db80-4509-8866-91aabf78407b,김서윤,Female,55,1969-08-17,광주 관악구 11길 11
9ee8b0e0-ab84-4b94-aab7-6730c0bb7303,최서현,Male,41,1983-06-11,서울 서구 28길 28
4f904e96-54c2-43eb-997d-2708a64f4532,강서연,Male,59,1965-11-15,서울 관악구 86길 86
69f9636f-161a-4b09-babd-238d7ec65e92,최서연,Male,17,2007-01-30,부산 동구 5길 5
e02514fe-1590-47d2-a8a7-1635f546a0cc,윤민서,Female,45,1979-11-22,서울 서초구 51로 51
09d426b6-5fbc-4143-a3a9-2f75741bace5,장지호,Female,64,1960-04-17,광주 강서구 35로 35
c027c756-ed61-4b25-bc91-de92e63a5dd6,정서현,Male,51,1973-12-04,인천 동구 43로 43
96efd088-a4e2-41f7-9cc6-ca0a5d9bffbe,최서준,Female,42,1982-12-04,부산 관악구 7로 7
f4cb1a7b-88fb-4ec6-b985-b27b1696bbea,이예준,Female,35,1989-04-16,광주 서구 89길 89
be899d44-7232-4aa7-b39e-32f93a8a771e,장지호,Female,31,1993-03-10,서울 용산구 68로 68
aacd9f9a-f2e3-4cd0-9077-a26fd7a33ece,정하윤,Male,42,1982-12-29,서울 서구 44길 44
d6928b6d-f991-4097-8bd2-50918802520b,박민준,Male,49,1975-11-28,대구 서초구 70로 70
d5c83f99-5ead-4055-880d-9297b86bc818,박하윤,Male,40,1984-03-17,서울 용산구 32길 32
d11b916a-3cc0-4502-ac7c-f770b795b49f,김서연,Male,38,1986-08-10,광주 유성구 48로 48
1167c4a7-1c83-4dbf-aa70-6cacb8de73ee,조준우,Male,59,1965-12-09,대전 남구 71길 71
95e0551f-a8b0-4e64-8b86-dc473bf14978,정지후,Female,37,1987-10-18,서울 용산구 80로 80
29cc1fab-2647-4c52-a73a-bbf0bbf17d4a,윤민준,Female,58,1966-04-02,대전 강남구 72길 72
f798348a-83e6-4803-8fc6-164135c1e0e7,이지민,Female,44,1980-05-30,부산 용산구 19길 19
3266fed9-6a06-4262-a037-8f7d7ad55f9d,윤서준,Female,47,1977-05-20,대구 강남구 51로 51
8e9e038b-9009-47f8-9cea-9ca5a0ad6a43,김서연,Female,30,1994-02-08,인천 서초구 40로 40
490fa50a-61e4-4771-995c-0b9e739e23c5,이도윤,Female,43,1981-07-29,서울 남구 99로 99
87affdb8-f548-42fc-8018-0c04dce4a747,강주원,Female,22,2002-10-02,대구 서초구 23로 23
4b578f02-2e37-4bcd-9144-04e860435383,강서현,Male,27,1997-10-20,대전 관악구 14로 14
80cba096-b5f8-40bb-8be3-b57b7fd8adae,윤서준,Male,26,1998-12-08,광주 북구 7길 7
aef774b2-9517-40b6-b0de-d4af330cd480,장지유,Male,39,1985-03-30,대전 강남구 7로 7
f5757a6c-ae01-4174-ae49-7b8a11d7d0dc,조하윤,Male,60,1964-10-09,대전 서구 68로 68
e4720359-2a4d-42ef-baa7-0e09a0d44065,정예준,Female,22,2002-11-05,인천 북구 28길 28
d16be272-50b6-43d8-9037-0c220ab1df5e,장지호,Female,45,1979-03-19,인천 서구 70길 70
52a4ef39-9fac-42ac-b807-3caba4d1c281,이서현,Male,46,1978-04-04,서울 관악구 11길 11
6f780a6c-b4dd-4bb6-ac70-8844ddb12824,장서현,Male,37,1987-02-02,서울 용산구 74로 74
4db4dbe8-d5c4-44ad-b106-8c915fe24deb,이시우,Female,45,1979-11-03,대구 서초구 41로 41
d8cd8970-d719-4cb9-8caf-d9fe00195292,강지우,Female,49,1975-10-12,부산 관악구 77로 77
1f4aa738-f8e5-42b0-bc49-e3426c9b9734,김서연,Female,51,1973-07-13,부산 강남구 17길 17
4b508264-b96d-44c2-9a21-89e4cd2e5625,이하은,Female,39,1985-04-19,대전 동구 71길 71
e497f4c4-050f-4723-9558-b323dff88498,김하윤,Male,47,1977-10-14,서울 동구 60길 60
d1a4a06f-d76f-48c2-9bbe-2bd79c192922,장윤서,Female,63,1961-09-02,서울 강남구 74로 74
be10d3d6-cc60-4466-bc1e-14141ae03a9b,장민서,Male,46,1978-08-19,인천 동구 72길 72
be1a615c-8a1f-4e32-8f56-3adfa0046d38,정주원,Male,61,1963-05-07,대구 서초구 43로 43
9ed2341a-84ba-4ad7-a4f1-8c8d016be1ab,윤민준,Male,64,1960-04-18,광주 남구 68로 68
1698521a-d799-469e-90ba-01b52785137c,정민준,Male,38,1986-12-04,대구 서구 52로 52
e4c59d70-009c-46de-af4c-e7c970d99e70,김지후,Female,42,1982-05-23,대전 강서구 96길 96
0a784723-6e78-4206-b08e-40eddd54bf67,박서준,Female,50,1974-06-16,대구 동구 51길 51
cd727b4e-6638-4e7d-850b-e8f153a301ac,김지민,Female,21,2003-08-29,부산 용산구 85로 85
1ea78909-60cd-4e55-ae32-d3dbf61a7142,조민준,Female,31,1993-01-11,인천 유성구 82로 82
9df962a1-36be-4143-b6e1-67079ac0e5df,조주원,Female,21,2003-11-29,부산 북구 28길 28
f7e11257-2ab3-4e88-9a06-0172f2afa104,최준우,Female,26,1998-08-29,대전 유성구 63로 63
5f77cfc3-faf4-429f-aebb-8792d6ddc87b,정민서,Male,57,1967-04-23,대구 서초구 99길 99
5b91cb08-7de9-47d6-8ed3-73f731a7aea9,조지우,Female,27,1997-03-25,부산 북구 59길 59
246f1e67-efef-49d4-add4-8cc444423fe3,이민준,Female,30,1994-11-15,대전 강남구 12로 12
22bf041b-b56e-4e30-b79b-bdc061b5245b,임지호,Male,37,1987-02-07,인천 서구 2길 2
79bdaf9f-0fa7-413d-a6db-83aadd843855,정서준,Male,22,2002-11-29,광주 북구 10로 10
df107e10-faf6-44b6-8a13-a301bd9167bf,박하준,Female,32,1992-06-30,광주 서구 95로 95
82b9b6c3-0797-441f-b4dc-7e08696c11be,강서준,Male,63,1961-01-06,서울 용산구 76로 76
5eb342dc-cdab-40d8-a233-a2a67b823ed9,박예준,Female,13,2011-08-23,부산 강남구 67길 67
deb20520-cbc5-4d00-8f09-64faaa2327fa,장시우,Female,24,2000-11-13,부산 동구 28길 28
f8952969-17b7-48cb-9cdc-2f3bca739eda,임서현,Female,27,1997-09-26,서울 용산구 40로 40
337c1794-b809-44fd-a350-00d5e7655cc7,김윤서,Female,22,2002-03-17,대구 북구 24길 24
7a965372-cc75-4eb3-8348-ed13b4705a7d,임윤서,Male,57,1967-03-25,서울 강남구 2로 2
9023d5c7-9b8b-4e69-99f7-726c5634a94a,조지후,Male,22,2002-12-02,부산 남구 35길 35
e386c5c8-02e3-4fdf-8ed6-e04b225c62de,임주원,Female,37,1987-06-03,대구 용산구 74로 74
8ad9af0e-b89b-4600-8915-de322fe9689d,이시우,Male,41,1983-07-15,대전 북구 40길 40
8fae6aef-827c-44eb-bf34-bf1d90c44818,김서준,Male,34,1990-01-30,부산 용산구 83길 83
46ec89e6-c8e5-43aa-b547-f0f60c37ba69,정서준,Male,33,1991-01-02,인천 유성구 29로 29
b955f14b-08d5-46cd-9e18-b8c3ed16f504,조주원,Female,30,1994-09-27,인천 남구 17로 17
eff62f99-7049-4264-896c-f2090187add6,정하윤,Female,32,1992-01-29,서울 남구 69로 69
114df88f-5dce-425c-b611-8639a4276f90,이하준,Female,63,1961-04-01,대전 강남구 46로 46
de00f010-3898-4836-83d6-053bad2ec960,장지후,Male,31,1993-03-24,대구 관악구 34로 34
764971dd-468c-4db7-ba46-33280608e128,임도윤,Male,24,2000-03-03,서울 서초구 53길 53
0bf5c43f-f44c-48a8-a500-1e7fd248b146,최도윤,Male,28,1996-02-06,서울 북구 8로 8
691753e5-7b9e-409a-ac66-cb42f94eda76,조서윤,Female,45,1979-02-07,서울 남구 80길 80
0043ef25-8d8f-428e-8485-fc14a30edf72,이서준,Female,56,1968-11-21,광주 관악구 66길 66
7322cb3c-a2a8-4533-824f-0591ec03808d,이하윤,Female,59,1965-11-01,부산 강남구 36길 36
1bc33fc1-7f0c-496f-8e38-f3e166bfac53,장주원,Female,15,2009-03-16,부산 서구 47로 47
97c64aa7-cf20-4fcb-8fba-4954d8aee655,박지우,Male,41,1983-03-01,부산 서구 32로 32
10807110-075c-4c67-b82e-537c140090c9,김시우,Male,46,1978-08-19,인천 동구 32길 32
71352240-ff5a-4ee8-96f8-65afaef2b25f,강예준,Female,41,1983-03-14,인천 남구 56길 56
1f5a5710-c84c-4a76-a8a4-f5e9a3b8fc53,이지후,Female,48,1976-12-28,대구 용산구 84길 84
c0a8f292-0551-4331-95ad-084cae4cbc5a,정민서,Male,13,2011-01-08,인천 남구 59로 59
393b33a2-0a13-48c3-9025-1af26f17239a,윤시우,Female,37,1987-02-22,인천 관악구 80길 80
72c2d798-ff64-472e-bb30-d8c1fce45f18,윤서현,Male,34,1990-11-22,서울 남구 51로 51
459935ab-9c9a-481a-9a89-369b3a4340b1,정서연,Female,63,1961-06-12,인천 강남구 94길 94
a247303d-1371-4614-ae5c-2854f357f79a,이서연,Female,25,1999-06-29,부산 용산구 92로 92
0372dec4-f7ac-4cf6-989d-a43165953337,정지유,Male,34,1990-07-28,인천 남구 20로 20
0fe78b29-8597-4924-bf66-51f8e52865c1,정지유,Male,35,1989-05-20,서울 동구 14길 14
d462cf93-958f-4f19-9bf8-5e7388554523,이서윤,Male,51,1973-09-01,인천 강남구 23길 23
606e4881-d5fb-445e-a731-7f76449901ad,윤민서,Female,22,2002-01-12,광주 서초구 58로 58
7cc2f8a2-2787-4874-b27d-7f94b2085d72,임지민,Male,40,1984-09-29,부산 관악구 82길 82
4a8e87d4-5ca8-4405-8036-5a61963490f1,박하준,Male,14,2010-12-08,광주 강남구 67로 67
8e02bacc-7555-452a-8f37-152433f988a1,정윤서,Female,45,1979-08-15,대전 용산구 8길 8
0972baca-70a4-4793-a3e1-63692ce9849f,이지우,Male,31,1993-08-21,부산 강서구 32로 32
9e715bfb-a68b-4572-9937-5258378c11c7,장지우,Female,59,1965-10-29,인천 강서구 53길 53
2b4f5fe5-4d27-4242-bf24-d6d99be8a162,윤준우,Female,19,2005-01-10,대구 서구 5로 5
96a80cb8-4f97-427b-ac75-3794d486cd9b,임지후,Male,53,1971-06-01,대구 남구 90로 90
91c515c3-262d-44be-8804-05a71cb918ad,강서준,Female,41,1983-10-06,광주 서초구 28길 28
b0cf4583-42b1-455c-8e27-131afccb280a,박하은,Female,46,1978-07-25,부산 서구 84길 84
6e8877ae-8f4c-480e-b807-b4abac10e1b3,정하윤,Female,30,1994-11-15,인천 북구 73로 73
9f1ecf8c-07dc-482e-9188-d2b088013704,박지민,Male,15,2009-05-16,광주 강서구 74로 74
c9f1c519-ba54-472f-a555-aae8c5ba8f87,최지우,Female,38,1986-07-02,광주 유성구 31로 31
8f110cdd-3f9e-4800-8356-7d5822b2f5bc,조주원,Male,32,1992-07-26,광주 강남구 91길 91
565d928d-fded-430e-a6ea-7d78279b3f15,김민준,Female,37,1987-02-04,서울 용산구 23로 23
3b5355f2-71c2-41b5-b319-8f6d6b67ef93,이도윤,Male,39,1985-04-15,대전 강남구 45로 45
bec26c37-20cf-4049-89b4-bb0146d6ccb8,정민서,Female,16,2008-08-18,대전 용산구 47길 47
de1aecba-e984-4b15-97e0-4cb3ad09bc92,임민준,Female,39,1985-04-11,대구 관악구 12길 12
0c27f4b1-06e0-43d3-8db9-6bfa98e844ea,최예준,Female,50,1974-06-01,인천 북구 47로 47
580f3d43-cc38-49ca-8eb1-729403d1fb25,이예준,Male,35,1989-03-31,서울 서초구 95길 95
fa39b444-714a-4d1f-bb61-af4d7bbb3756,박지우,Male,26,1998-09-16,서울 유성구 44로 44
d124e911-449c-4855-a348-f84cd7c8c048,박하준,Female,54,1970-05-11,부산 북구 16길 16
da9fd711-8c47-4994-921c-5ca07edb2cac,정민준,Female,13,2011-01-07,부산 용산구 38길 38
a152099f-3f38-4a42-8c09-cdc80db787f5,윤하준,Male,37,1987-12-19,광주 용산구 63길 63
66ab4904-1a7f-4a16-b220-5436ab47ef27,이민준,Female,61,1963-09-12,광주 동구 14길 14
f0e989fd-4024-40bc-8b4d-c5eff5217627,임서윤,Male,22,2002-10-05,서울 관악구 89길 89
43c738c4-af1a-4c79-955d-a820a7e64b95,임서현,Male,20,2004-05-09,대구 서구 92길 92
bbf584c8-f8f9-49c8-b5fe-490551ff52e4,윤서윤,Female,64,1960-07-23,인천 남구 20로 20
097aecf8-2185-4db2-93aa-8e23e6b6ae28,박지후,Female,24,2000-05-29,서울 서초구 7로 7
0dbaa130-8edf-4c2c-bc9b-f75fffe77748,윤민서,Female,32,1992-01-18,서울 강남구 86로 86
3580759b-d5d9-4a30-a7f3-0716304ed441,김지후,Female,49,1975-11-26,대전 동구 19길 19
dd426816-d60f-4030-b3f2-aa0c769321af,박하준,Male,53,1971-06-18,인천 동구 42로 42
1ce2d1cf-5231-47d9-ba1d-73752526eff1,강지유,Male,52,1972-10-14,대구 강남구 30길 30
7ba02d4c-c39a-4725-bec4-015a8be277ea,임서현,Male,14,2010-03-22,서울 용산구 12로 12
69da6a8a-b5d6-4297-9edf-61eac65af17d,조하준,Male,45,1979-02-21,대전 남구 34길 34
2068eb05-6049-4f3a-9e1d-ae0d83b5d1c1,박준우,Female,39,1985-01-30,광주 남구 94길 94
e9721af7-e18f-47df-bb63-2d311527f91e,강지후,Male,17,2007-05-18,대전 서구 27로 27
07be0beb-e645-4e9c-9f7c-12909027fbe6,김하준,Female,57,1967-11-30,인천 서구 74길 74
8f6eef6f-e65a-4c63-a43c-32d3f94ce32c,조시우,Female,25,1999-11-14,부산 서구 7로 7
bccaa8ac-98b7-4cd9-a61b-8b7d63b05202,강지후,Female,18,2006-05-18,서울 강서구 37길 37
8db3ee27-560b-4f59-a368-c1f7cd71edfb,김주원,Female,26,1998-10-05,광주 서구 28길 28
b00b0918-5f31-4d3b-9e98-abffe1423ca1,최주원,Male,42,1982-11-16,부산 서구 31로 31
2bf84073-e03e-45a5-a712-3eb5a9eeca8e,장민준,Male,62,1962-12-15,서울 관악구 27길 27
9e4345b3-b4ff-44ed-925f-77067dcd1c37,조하윤,Female,18,2006-10-27,대구 용산구 97로 97
6b7abc07-0a85-430c-9f17-f73503c53a0c,임민준,Female,26,1998-01-05,부산 용산구 78길 78
8804e47b-81bc-4cfd-8ace-16bab4d67808,김예준,Male,55,1969-12-12,대구 강남구 5로 5
7ca2450e-df04-449d-8834-5250c7994dba,최하은,Male,28,1996-02-03,광주 남구 90로 90
0bffe7b8-fc6b-4eb3-9c30-7b51912e6331,이지민,Male,19,2005-01-02,광주 동구 47길 47
6bfdb973-b706-444f-b0ac-b1b199097f5f,장지우,Female,21,2003-06-30,부산 용산구 20길 20
5aefb410-96da-4d9d-9468-a1ded53610c0,박주원,Female,63,1961-09-30,대전 북구 76로 76
2a295844-48b2-44a9-bd68-e2d96b080efb,강하윤,Female,29,1995-02-11,부산 서구 51로 51
796c0199-99ed-4d94-ad77-7e7395ff652e,윤하윤,Female,37,1987-03-09,대구 용산구 85길 85
aa7a9b02-d60f-4c45-b991-4fded7850329,김지우,Female,18,2006-08-07,서울 북구 89길 89
dba5fe42-b3df-439c-a437-ea5c20171a63,윤지후,Male,36,1988-11-21,대전 서구 35로 35
3e937201-3cef-4d72-9d6d-7668170985d0,정주원,Male,33,1991-11-24,서울 서구 90길 90
aaa8bfa0-db8e-463e-b2e4-0ec5c34e49ce,강예준,Female,28,1996-06-30,부산 강서구 61길 61
8435d44c-4303-4a69-b5a1-6495f8022e70,장지유,Male,39,1985-11-20,서울 용산구 5로 5
849208bc-a397-4402-9784-7e610d02963a,김지유,Female,30,1994-06-06,부산 유성구 90길 90
12afe2ec-b86e-4c9a-9e6e-9189184e48ca,임시우,Male,44,1980-06-01,대전 용산구 49로 49
14d5a090-acc2-4d9b-b561-2bd29f67d59b,강지호,Female,53,1971-12-25,광주 동구 98로 98
e650fac9-5bb6-4c99-8e88-b2150ddd9062,최민준,Male,54,1970-07-22,인천 강서구 72길 72
05854caa-4599-4bdb-bb95-226220e0614f,정서윤,Female,34,1990-07-26,대전 용산구 42로 42
cf8c4f5c-051a-4d89-8247-6db16c340bee,정민서,Female,41,1983-02-10,인천 유성구 37로 37
5c5575b6-17c3-4b9a-a887-6f352138a3c8,이하준,Female,50,1974-03-02,부산 강남구 16길 16
e432039f-5cb9-4b6d-8cd3-56ff1adab1c2,김준우,Female,61,1963-08-16,광주 유성구 5로 5
caa02eb7-aff9-4423-a4f9-db4a1103ef4c,정준우,Female,50,1974-11-16,부산 동구 87길 87
e5c3b323-7672-4ff7-be85-107115420674,박도윤,Female,13,2011-12-01,부산 관악구 10로 10
ae72375d-ce51-434d-9a6d-076cd27dddea,윤시우,Male,44,1980-07-26,대구 서초구 72로 72
5c3a0ef1-300a-4cf1-af00-9fb892345f85,최하은,Male,56,1968-02-24,부산 강서구 17로 17
5dd3f095-4eff-48a5-8289-26f769bd7620,이서현,Female,38,1986-09-06,광주 서초구 26길 26
2ee15f65-087f-4410-ad42-b78de3daeb26,정도윤,Male,38,1986-01-29,서울 강서구 87길 87
42732340-8db0-4805-aa21-6ad9b48290e0,박지후,Male,62,1962-01-19,대구 용산구 45로 45
5ba801d1-f259-4084-a4d8-5e6c573a9436,강하은,Female,13,2011-02-24,인천 서초구 98로 98
07964394-73f6-45be-a6df-467ad1de8c8e,장윤서,Male,52,1972-10-12,대구 동구 65로 65
858d25af-357b-4dc9-b2bb-27faa8346810,조하준,Male,16,2008-11-10,대전 용산구 70로 70
a77417a4-6cb8-471f-afad-c9892d8f12df,강주원,Male,42,1982-01-08,광주 용산구 81로 81
0941e5c3-df9e-4c47-be77-22e6f68ec1cb,최지후,Male,45,1979-12-17,대구 남구 48길 48
be9f8a8e-0222-4132-af0c-23c4bf4d4834,정지우,Male,34,1990-09-01,인천 강서구 66로 66
af3bf945-11ea-4b2f-ba6b-229053c6f785,윤민서,Male,28,1996-07-07,서울 서초구 36로 36
567c3aee-4c72-4a7e-a1b7-21d3a05a2642,정도윤,Male,24,2000-03-06,대구 유성구 50길 50
d897737f-9b37-462d-a60e-095335438c54,김서윤,Female,53,1971-06-09,광주 남구 89길 89
30de6a70-df40-4582-974a-6c781605cfde,조지후,Male,24,2000-08-11,인천 서초구 83로 83
8529cc63-538e-4875-8a8d-f0845278c188,박하윤,Male,52,1972-10-20,광주 관악구 87길 87
ba916e6c-df5d-4342-9156-3e09b9a7b47b,강지후,Male,45,1979-07-16,부산 강남구 42길 42
2576c4be-1d7a-41db-8815-399f650ec695,정민서,Male,50,1974-09-27,대구 서구 32길 32
6aee4972-1483-476a-9747-ce602674df76,장지우,Female,42,1982-05-24,대전 북구 28길 28
30c7d3e9-a37f-4f74-9e96-390332fe05da,강서준,Female,15,2009-08-31,인천 동구 86로 86
c040c77d-beb9-4ad3-ae73-f4bd9e4bbbde,박도윤,Male,55,1969-05-17,부산 서구 98길 98
b27ef64e-b3e9-4e5f-9254-e8358e099a51,이하윤,Female,60,1964-01-29,인천 강남구 52로 52
e017f4b4-5d71-48ef-bf40-42aac023d97f,윤하은,Male,60,1964-10-09,광주 서초구 59로 59
4773cfe0-3331-4889-93fc-7f5353d0d1cc,정민서,Male,42,1982-05-01,부산 유성구 53로 53
f5f306d2-2ab5-4655-afbc-fe1495187ccc,박민서,Female,28,1996-11-03,인천 강서구 6길 6
776dd3c0-3727-4aa9-9349-bf15f9232f0d,조지우,Male,64,1960-05-18,대전 북구 2로 2
ca8a8edb-573d-4440-a64d-d633a71ba2b9,김지유,Female,36,1988-08-15,광주 서초구 65길 65
5b564a6d-7b41-4039-9e37-1ce79f0f667a,이지우,Male,14,2010-09-04,대전 유성구 71로 71
3299a723-b5fd-49e3-b9bd-fe6ff29b4e65,이서윤,Male,27,1997-03-03,서울 동구 13로 13
fc0f3668-2147-4d05-b6e0-95574e939fa8,이지우,Male,34,1990-11-28,인천 용산구 9길 9
f9ae3eb9-754f-4450-a5c9-5a5e74a2e420,강하윤,Male,49,1975-02-24,대전 관악구 70로 70
fbe8bfe8-7261-4f8a-b9c6-1630cfc34b49,정하윤,Male,61,1963-11-07,서울 서초구 69로 69
0820487e-4904-40c8-9a49-76afbc508c9e,장도윤,Male,54,1970-01-21,서울 강서구 45길 45
637095ee-6c8f-46e9-9fb1-a92f2b0585cf,정지민,Male,46,1978-04-04,대구 서초구 18길 18
0432a7e4-9f84-4661-9254-bc0bb98b3e8b,정하준,Female,56,1968-09-09,대전 관악구 60길 60
d7ae8082-2b3d-4cb2-a077-001a9722a11c,최서연,Female,53,1971-01-27,서울 동구 96길 96
c3996f07-4f66-4fbf-bbf2-50b0979a4067,이서준,Male,63,1961-09-19,대구 북구 73길 73
ead7dbcd-6dce-40af-b8a1-0cfdfda9e81d,임지민,Male,22,2002-06-27,서울 용산구 30로 30
8721db41-c06c-4fff-83dd-07c9030c0163,장주원,Male,28,1996-10-17,서울 유성구 31로 31
63c6296a-edb8-40df-9f2a-e0e688894649,조민서,Female,38,1986-09-18,인천 남구 79길 79
f70f2de4-70b4-42a5-94c5-43ed0168c9f5,정하준,Male,60,1964-10-22,광주 남구 18길 18
eefdbbd0-d194-45cf-ba61-716a393d7e39,임서윤,Female,62,1962-08-03,대전 동구 30로 30
d8142764-2f5e-4909-aae1-22a9186474d7,최지호,Male,32,1992-01-14,서울 관악구 64길 64
2774237c-c9a5-4812-95f9-48c4b29c6386,조지민,Female,32,1992-01-22,대전 유성구 24로 24
f9a1966f-c27d-421d-91b7-bce0e4077d96,최지후,Male,30,1994-08-11,부산 서초구 38길 38
90c18e1c-3a65-41c8-916c-d7898fbb32f2,강주원,Male,56,1968-08-30,서울 강서구 77길 77
723e3cd6-e0b1-4f7d-9434-122200961fde,김주원,Female,31,1993-06-28,인천 서초구 97로 97
63172c9c-81a2-4548-957e-d8f3f4e2c0ad,최하준,Female,59,1965-11-13,서울 강서구 5길 5
625c5355-0543-46d5-bb28-611df68f2208,윤민서,Female,18,2006-11-06,대전 유성구 86길 86
47662870-fab2-437d-a86c-f44503ec251a,정지호,Female,32,1992-04-23,부산 남구 23로 23
f767091d-de6d-49ee-9f88-1ab616598a38,조지호,Female,26,1998-05-23,대전 유성구 96길 96
c9f04020-50c4-4e23-9335-e3c25b4a73cc,강지호,Female,62,1962-01-25,대전 동구 72로 72
e4c8e80e-99a5-46da-aa42-b4a856c97b7a,강주원,Male,13,2011-12-13,광주 유성구 49로 49
81f34e24-e19d-4ad1-8405-92e3b0434528,이서현,Female,19,2005-05-08,서울 서초구 97길 97
3d89fef2-14e4-4a6e-8bc1-e10183919549,장주원,Male,40,1984-03-31,대구 강남구 33길 33
8dcef0d4-4ee9-42b9-b5d8-68e6fc14673e,김지후,Male,60,1964-03-20,광주 용산구 11로 11
31b3e4a7-72d4-44ae-83e5-356c49776d86,이준우,Male,22,2002-02-08,대구 관악구 87로 87
0edc56fa-85e7-4260-9e7b-b8be9f162d98,조지유,Male,33,1991-11-19,인천 북구 59로 59
629a2d86-149f-4eb8-a35c-4998c0c0b274,윤서윤,Male,23,2001-05-16,서울 유성구 38로 38
2847e56f-4954-437e-acdf-cf5c02bc6364,박민서,Male,48,1976-01-21,광주 관악구 71로 71
ea3028dd-1dc5-4f14-82a0-52dbf6bfbb99,장지유,Male,56,1968-09-21,인천 서초구 3길 3
a52d12f5-68be-4981-a6ff-fe13acc5f36f,정지유,Male,34,1990-06-27,부산 서초구 60길 60
20963b65-b657-4607-82c4-fe8a13f47a83,이지우,Female,49,1975-10-27,인천 강서구 87길 87
dd1a9e0a-d300-4820-b144-e47df04dcec2,박하윤,Male,29,1995-01-02,부산 서초구 72길 72
a0ca2655-2150-43a5-b4f0-60b790bbcb53,정시우,Female,61,1963-04-16,부산 유성구 6로 6
8af2753e-156e-45b2-b0f6-6388524e5468,정하은,Male,13,2011-02-10,부산 서초구 25길 25
db51efb5-d797-40cb-932f-aa3dc59dcae7,최지민,Female,20,2004-01-23,서울 용산구 10길 10
916aaca9-0c81-4248-9ea0-d019502eaf0e,정서준,Male,28,1996-06-16,인천 관악구 20길 20
71ec1c5f-9a67-49cf-97a2-b521fad370f0,강서연,Male,35,1989-01-17,부산 남구 64길 64
21f048fb-876e-40a6-b0c2-9c0ee913fb2f,장하윤,Female,32,1992-04-02,대전 용산구 9로 9
42ccb8ed-4c42-4908-acc6-7b96991cc5ba,박지우,Male,26,1998-04-19,인천 용산구 11로 11
f3096ce1-9676-4a7d-b19f-01cadf677abc,이윤서,Male,42,1982-09-07,광주 관악구 67길 67
a9afd846-02f2-4a6e-ab2b-732b22bc274b,조시우,Female,47,1977-07-03,대구 강서구 92로 92
8ac5a3bc-205f-4476-a95c-4026e4f12b41,장민준,Male,51,1973-06-15,대구 북구 62로 62
6e68351c-6f38-499d-8cce-cee6ab0a4859,윤서현,Female,13,2011-12-01,부산 용산구 12길 12
943a6ef0-e531-4bd8-86e2-992bf9712afc,장지민,Male,44,1980-04-10,광주 용산구 76길 76
58fd0157-892c-4db5-ad0f-237aefb600d3,김민준,Female,47,1977-03-07,대전 남구 3로 3
ed90e83b-e0bb-429e-968a-f1b1a9aa8f76,조하윤,Male,48,1976-09-24,대전 관악구 74로 74
7b540294-1c61-4032-b1cf-a01826e36d65,임윤서,Male,62,1962-03-21,대구 동구 61길 61
d94a5b44-95f9-4d07-b841-820a4045099a,윤하윤,Female,29,1995-11-30,광주 유성구 63길 63
01721663-e54a-4c3d-81c3-1dac3b7297b5,윤도윤,Male,13,2011-11-12,광주 관악구 26로 26
e9366090-2b0c-465c-bb4e-f7839c559efc,김하은,Female,29,1995-01-16,서울 동구 40길 40
5d5725bc-6c07-4896-98b0-df7000705f76,정하윤,Female,36,1988-10-08,대구 관악구 84길 84
1dd8392d-3031-4e1f-8929-e0dd59b83124,이서현,Female,19,2005-03-27,인천 서구 50로 50
ebda95e6-a868-47bf-beb4-d0460979bc2a,임도윤,Male,19,2005-09-03,서울 용산구 50로 50
07946164-8a21-4d59-869b-ca6912138f60,강하준,Male,62,1962-08-01,부산 서구 92로 92
7a29bbdb-60ab-44da-8754-a8cc14a67eaa,임하준,Female,64,1960-02-21,대전 서구 83길 83
2e3729a9-8ed6-4816-817f-ed639118ab78,박하준,Female,40,1984-10-09,광주 북구 40로 40
b085de59-032b-4dc4-83e0-a0f16038ef6e,임주원,Female,40,1984-12-18,인천 강남구 50길 50
123384e0-62c2-41bd-ac36-3e6e48c2a045,조도윤,Male,59,1965-07-22,부산 서초구 35길 35
21a7e256-2a39-4ced-a9da-aa7545e97235,이지후,Female,49,1975-06-16,대전 북구 50길 50
a4302618-7433-4c07-96d5-f63ac9370343,조서현,Male,26,1998-09-10,대구 관악구 16길 16
3dfd7378-ce4b-48e6-93e6-01644e9bd78e,임지유,Female,55,1969-12-11,광주 동구 58길 58
f3b93966-7bc5-47c0-afe6-b7ebd78c8bbb,김지민,Female,62,1962-10-10,대구 관악구 34길 34
21d822d2-fedf-4647-b86e-75552080d653,장준우,Female,58,1966-07-03,인천 북구 31길 31
d5b208f2-08dd-4f2c-b49a-c1733647604f,이예준,Female,47,1977-02-06,광주 북구 28로 28
86fbf98b-0dc0-4e38-b9a4-6f2a5c39878f,조민서,Male,58,1966-04-12,대전 유성구 5길 5
8ad7675e-4f22-4315-8818-afbe84458f46,조주원,Female,28,1996-02-23,인천 동구 43길 43
a6ecd740-d087-4cf7-8ab6-6a4a765de948,조시우,Male,64,1960-06-25,서울 남구 68로 68
919d8a33-349f-41ed-8307-869b4d550c6b,강하은,Male,36,1988-11-23,대전 관악구 87길 87
5f0853a7-a10e-41e9-8f5e-5ae62e5601de,윤민준,Female,45,1979-03-20,서울 북구 4로 4
8a31192a-1fef-4e0b-8c25-ed84286f5cf3,장지민,Female,50,1974-11-17,광주 서구 43로 43
d46ae117-c00a-43f8-88c9-4f77a92a0efc,임서연,Male,62,1962-04-03,서울 동구 20로 20
f1980b35-451b-4dfb-8260-40be23f59532,윤민서,Female,60,1964-10-12,대구 관악구 11길 11
231b0298-88c5-45fb-afe5-e46fcc7387e2,최지우,Female,21,2003-11-01,서울 남구 85로 85
3a4b58cb-c836-4310-a127-71282bbe8230,이지후,Female,23,2001-08-10,인천 서구 28길 28
7ac2ebb3-34d2-439f-85ed-9995fd993672,조지후,Male,24,2000-02-15,부산 유성구 87길 87
535fff73-3ebb-40b2-9215-872d3ad7d772,윤윤서,Female,59,1965-04-25,광주 서구 72길 72
d1015a96-d856-441b-9e0f-2701e5ab2827,장지민,Male,51,1973-06-11,인천 강남구 27로 27
4b095482-31ba-4051-87d2-68c60611e782,이민준,Female,56,1968-11-27,광주 관악구 74길 74
3e6b9315-1444-4844-a75f-7aafb9be63ef,윤서준,Female,64,1960-02-14,대전 남구 19로 19
e03b7bab-c27f-4e45-a6a1-8b03c981e38d,정지후,Male,57,1967-10-07,광주 북구 67길 67
317f5666-e031-4d8d-be46-034b3b56dcc9,장주원,Female,13,2011-10-21,대전 서초구 15길 15
1d2b911f-1c1e-4131-b2c0-69a557cf2a02,강윤서,Female,26,1998-08-17,부산 관악구 63길 63
170a7f2d-d523-4baa-b99e-5814fbf58068,박서준,Male,52,1972-11-19,광주 북구 58로 58
52b95a49-9346-471c-a6d4-8afab41ca21f,이지후,Male,29,1995-06-17,서울 용산구 48길 48
ed699895-d873-4992-b0e1-012c8a766b13,이서준,Male,23,2001-01-06,대전 북구 48길 48
f72c3319-f383-47c1-8d15-070dfd933ee8,이서윤,Male,44,1980-10-11,서울 관악구 50길 50
4d59f983-551e-4197-8863-e5b7a2983235,장예준,Male,51,1973-10-01,대전 남구 63길 63
bea23583-8acb-4609-8683-26104433f822,임주원,Male,42,1982-12-13,서울 서초구 22로 22
28852d0a-c711-4cb2-8035-f5bb962cd24b,강예준,Female,22,2002-10-08,서울 서구 67길 67
88105178-1a16-4744-8815-d9155b42cd39,최예준,Female,59,1965-09-16,서울 서초구 88로 88
f94a9c00-cadd-4ac4-abdf-ff14bc056697,정예준,Male,49,1975-07-09,광주 강남구 84길 84
666561af-bee3-413d-a039-c3b7df24d61b,이지민,Male,23,2001-05-09,대전 관악구 39로 39
43a61649-d8e1-4c06-827f-43f16ba374d5,정도윤,Female,53,1971-03-25,부산 서초구 9로 9
0acf0403-24cb-4ff3-ab52-20e7bb141973,강민서,Female,38,1986-01-27,대전 동구 85로 85
e9006759-35fd-4b90-ae15-298680b033c2,강하윤,Male,27,1997-09-26,대전 강서구 21로 21
d0985003-d81e-4094-b521-aa094a2d58ca,임지유,Male,31,1993-06-22,대전 남구 18로 18
c1743bcb-00b8-421c-879a-f40bb6155e8c,조준우,Female,30,1994-07-16,대전 강서구 42로 42
cd9c7f8a-f00f-4d9b-8746-1f9b97e3e684,조지호,Male,16,2008-05-23,대전 강남구 68길 68
ac3373ff-fdf7-4bbc-b72f-300895f376ea,최시우,Female,62,1962-12-05,대구 동구 69로 69
7df34a2b-07e1-40d0-9282-02bb577c2878,박하윤,Female,23,2001-03-30,인천 관악구 33길 33
0224d82d-a4c5-4910-8c03-89a1d4bfe791,최주원,Female,53,1971-11-03,광주 서구 35로 35
a36804ed-9746-4bc9-b14a-b160a007f19d,장지유,Male,42,1982-01-10,대전 관악구 80길 80
858452e8-9d62-4d6c-b6de-78db40050cc4,이지후,Male,54,1970-10-22,서울 서구 30로 30
76533cfe-4e7d-43af-98e6-08bb564807a0,임서윤,Female,42,1982-08-13,인천 용산구 6길 6
1845329f-c43c-4ea9-81d6-1bcc70b0f1e8,강하준,Male,26,1998-03-25,대전 동구 62길 62
eec9f6be-89f5-4f7a-86b2-ee021ead88ae,강서연,Male,24,2000-10-26,인천 강서구 44길 44
79234888-9e3b-475c-b9fb-4e9e0bc8ae7b,조윤서,Male,23,2001-02-09,서울 강서구 53길 53
80dc587d-d301-493c-86a9-ed5c116bbae7,김지호,Female,44,1980-05-04,광주 유성구 89로 89
007daa84-1bd7-4dc6-94d7-1d30beae42d0,조도윤,Male,40,1984-01-22,서울 서초구 100로 100
5a80de2e-f6b0-406b-b17f-ea4dd344ee0f,이지호,Male,45,1979-07-03,부산 용산구 91길 91
badf3b22-d8ad-4ee4-acb6-28da69264d6b,최민서,Male,29,1995-10-11,광주 동구 5로 5
0fe266fb-2a6e-47af-bc60-99b2a68a7239,장서준,Male,56,1968-06-22,인천 서구 97로 97
ffc071de-78db-4e35-84d1-89f7b99b341a,윤하은,Male,19,2005-04-26,부산 서구 35로 35
15c904d3-7b82-434a-a2f7-e19ba39d694b,임민서,Female,44,1980-03-24,대전 관악구 96로 96
ffb85700-5965-4910-a772-602bf67383cf,장지유,Female,53,1971-10-14,대구 강서구 97로 97
1e003cd5-663e-4790-b439-070dc48ace3a,박윤서,Male,16,2008-11-23,부산 용산구 87길 87
79ced998-0472-47b2-b5a6-e6145eea5d64,조서현,Female,63,1961-05-29,대구 강서구 14길 14
6e5f7dd1-4225-4c5b-95bb-0224fd6e26b6,강윤서,Male,21,2003-01-29,대전 강남구 15길 15
1f46dbd8-f3ea-4298-bef6-7244db699b6e,이시우,Male,41,1983-07-09,광주 강남구 66로 66
16130e34-a430-4a1a-b634-de2f797d2c04,정하은,Female,38,1986-02-15,대구 북구 75로 75
13b878e6-19f8-4e1a-b714-d6c22f72555e,정민서,Female,31,1993-09-19,인천 관악구 81로 81
fe8ce840-7ac0-4f7b-9b13-181f7414d93b,이지유,Female,40,1984-02-26,서울 유성구 48로 48
89010ee1-6ee0-4e43-86be-c3219f6aea43,최하윤,Male,14,2010-06-05,인천 용산구 22길 22
53f6cbc0-41c4-4e5e-941d-6b60c4016d85,임준우,Male,21,2003-12-26,부산 서구 68길 68
3060f8c5-0739-428c-936b-ffd8ec359538,최서준,Male,42,1982-09-17,대구 동구 40로 40
7ba52f5e-15e9-4895-b69d-4157925be9b5,김준우,Male,37,1987-06-01,부산 용산구 43로 43
a566eee8-89c1-42f3-8440-24d2d08a230e,김서연,Female,42,1982-10-11,대구 서구 75길 75
5a0f9202-30ee-4926-977f-c6c7903d5750,김하준,Female,17,2007-08-13,부산 강남구 71길 71
89d580f2-0a82-430c-960b-fba91c179520,이하윤,Male,32,1992-10-08,서울 관악구 86로 86
78ffd949-f74c-4d76-b56b-d08b5952134a,조지후,Male,51,1973-05-18,대구 서구 87로 87
e14946f0-bc57-40dc-a9d1-0911f9cc28d2,최하준,Female,37,1987-02-17,인천 북구 25길 25
c7dd022e-458c-4120-ae3b-0c3dfeccd5da,임서준,Female,29,1995-12-20,대구 서초구 18길 18
f1af8f2d-183f-4247-9653-f74346f411d2,조지유,Female,27,1997-07-14,인천 관악구 80길 80
38e34760-6871-4642-a70d-e4b00a00540b,김주원,Female,56,1968-02-28,대구 용산구 86로 86
8645b4b4-60a0-4f63-8982-c57064dc5379,조서연,Male,64,1960-09-19,대구 강서구 46길 46
97ad5050-7fc2-41e6-b237-93c7f07715fe,정서현,Female,34,1990-12-06,대전 남구 57길 57
6cc8c506-4905-42ce-af7d-7075e8de77e0,강지우,Female,52,1972-06-09,인천 유성구 53로 53
86faf056-efc5-4aa6-b932-a471bd481f2d,박민서,Female,31,1993-12-09,대구 동구 70길 70
0d83b7e4-0d6c-458b-9d22-4e727614693f,장윤서,Female,36,1988-06-03,부산 강서구 78로 78
8c9ad6b8-d453-45f3-80b6-78a1e612dc16,임지유,Male,21,2003-06-18,부산 용산구 12길 12
4ee31b1e-9dba-4adc-9035-9690a7ac79bb,강민준,Female,62,1962-04-06,대구 유성구 72로 72
950d5ce6-d7c5-4aa3-b33e-90d5d1c286eb,강서윤,Male,14,2010-12-10,대구 동구 75길 75
49e36ae7-5b8a-4b4b-9ed9-310f21a44b9e,조지우,Female,58,1966-12-05,대전 북구 60길 60
f0f042c8-9ef8-4ecc-a0a2-1d01a9e2ad66,정지우,Male,45,1979-01-19,대전 북구 61로 61
be0faa5e-3224-4220-8b2e-51ca2e4f46ab,조서윤,Male,54,1970-08-18,대구 유성구 17로 17
d05dd18b-72b5-41c8-abac-fd6921201d37,윤예준,Male,50,1974-03-05,광주 용산구 97길 97
cc67ee79-8e4c-4e49-a11a-2e0331459e14,장서준,Male,50,1974-08-27,대전 관악구 64로 64
c507eda4-d83b-4b73-b553-5e27a5168191,이하준,Female,44,1980-10-03,대구 서구 47길 47
a2e6d6bd-38eb-481a-b2e4-3d26f747d5ec,조민서,Female,37,1987-03-26,인천 북구 48길 48
76eec116-c67d-4ff6-9415-10132e50d705,최서연,Female,36,1988-11-07,서울 북구 32로 32
d48a8b5a-dcc7-4a7a-a57f-3612f33aacce,조준우,Female,23,2001-03-20,대구 동구 32로 32
173b8e29-ad75-4ba1-ab17-5b1a0ac93e90,박지호,Male,45,1979-11-09,부산 서구 61로 61
2901b396-2505-403f-8ab4-a8bfd5e69713,장주원,Male,55,1969-04-14,인천 강남구 45로 45
ffbd4c08-8539-4aa4-bebb-e8a9f5151e16,정지후,Female,23,2001-10-27,인천 강서구 46로 46
3e9a8aab-b968-4d47-a74e-cd0908d7d007,임준우,Female,32,1992-07-09,광주 북구 22로 22
4efe8a88-0fbd-47b2-8a9c-5118b3e44263,장지우,Female,18,2006-05-12,광주 강남구 28로 28
6ad21192-f0bb-4a19-9fe7-8d1a86893abd,강하준,Female,41,1983-03-13,인천 강남구 45로 45
3cd3c145-8dbb-43eb-9df8-60212c864af7,최예준,Female,17,2007-06-09,대전 북구 77길 77
ded3f52c-6c42-4c24-be50-17dd1cc45c85,조민서,Female,52,1972-05-29,서울 유성구 33로 33
94144e44-f357-4b7f-98af-bf974b188243,윤서윤,Female,25,1999-02-06,광주 강서구 88로 88
4a8f74e4-726a-4076-bad5-be5ecb5c3f1c,김지후,Female,54,1970-09-26,대전 서구 62길 62
3749152e-c0f4-4938-9a3e-8b0f82e0c1d2,윤서연,Male,21,2003-12-10,인천 유성구 35길 35
361749b9-f17f-4fe4-b9e0-e44767ac2031,조하윤,Male,61,1963-07-03,인천 동구 45길 45
fdc09a18-3fc3-4ad7-8ce1-75ec0003069a,장하윤,Male,30,1994-04-03,대구 동구 64길 64
520fd915-d37c-4ddd-ac0a-e34801d5ee93,최민서,Male,18,2006-07-18,광주 관악구 82길 82
90e0c7ef-0b57-4dc6-9846-f92e6fdbaa31,최하은,Female,51,1973-05-27,서울 유성구 36로 36
b413913f-0920-44be-9e72-d41f6bc401ca,강지후,Male,42,1982-02-22,대전 강서구 50길 50
90a00222-9064-468a-855b-ebda4f70dc82,윤하은,Female,53,1971-11-17,대전 남구 98길 98
c2913356-90d5-4855-9b63-0b555ec53299,조하은,Male,55,1969-05-31,부산 용산구 19길 19
adaff7a6-ab8f-48c2-a63e-01aa4ba2b004,박지후,Female,19,2005-01-13,대전 서구 93길 93
ceeaeed1-be75-45f1-bcd0-79a476097b4b,임주원,Male,16,2008-09-20,광주 서초구 6로 6
af201168-3625-47da-acb1-7e73c950be63,박지유,Female,49,1975-04-13,부산 용산구 91길 91
7be4a975-4e8d-4ede-9ba6-8026610bedb4,정예준,Female,41,1983-06-13,서울 남구 46길 46
65782261-0171-4271-b4c5-3586519f4e95,임서준,Female,46,1978-08-25,광주 북구 69길 69
24d13930-737a-44d5-ac9b-612018305f63,조도윤,Male,46,1978-10-19,인천 북구 40로 40
5960d2c3-3c58-444a-9bf9-0330f496544b,이서준,Male,44,1980-10-09,대전 북구 11길 11
467e9a88-3a66-45a6-a633-8168e430aab2,정주원,Female,19,2005-10-21,인천 강서구 72로 72
cfacc103-68d4-4d93-9f51-0f3a6218b10e,윤윤서,Male,51,1973-01-17,인천 강남구 96로 96
06fd2d38-63d9-43a4-9d01-1c3feee62f3f,윤민준,Male,58,1966-05-25,부산 북구 66로 66
6fc5aac4-8f98-4704-8a9c-8b3fa6be6bd7,박윤서,Male,30,1994-07-21,대구 강남구 55로 55
0ec9e212-384b-4e8f-a374-d70c5e9289b7,이지우,Female,52,1972-03-06,광주 동구 77로 77
be161614-bb1d-42b2-abc5-5b6ba7807781,임주원,Male,27,1997-07-01,광주 동구 57로 57
f78f7d70-3ea7-4424-a3cb-7198dc97ee84,장도윤,Female,50,1974-02-04,대구 용산구 83로 83
8d43a7e8-0915-4568-a6b3-791b357ec552,윤예준,Female,22,2002-02-12,부산 북구 96길 96
6df94699-498b-452c-821b-96ef49fe0ee3,임서현,Female,56,1968-02-21,광주 북구 86로 86
19a90a19-fd7e-46be-a49e-0295ff54c48b,김하준,Female,17,2007-04-29,인천 동구 96로 96
684365e2-653d-4fd5-94b3-8615168e2458,윤주원,Female,44,1980-11-12,서울 용산구 43길 43
6276d3d0-7126-497b-86b7-9554076cfb49,장민서,Female,40,1984-09-16,인천 북구 100로 100
5ab33ee3-54f3-40a0-8fca-a0cbb772d0c4,임지우,Female,49,1975-06-01,서울 서초구 66로 66
aa3492c1-6083-4d6f-bb5a-9b93d056ea29,이예준,Male,50,1974-01-24,대전 동구 60로 60
8eb7ef9d-aa46-48e7-8750-d14c0d6cebbb,정민준,Male,62,1962-01-24,서울 북구 5길 5
2a64fbfb-77f7-4399-aa72-3ba06ab84869,최윤서,Female,62,1962-11-20,광주 강서구 12로 12
6e534be4-15db-47e8-810a-d504e09075fe,박주원,Male,48,1976-04-12,인천 서구 63로 63
bd41bc40-745c-4106-9007-3ffdea3aaa37,박윤서,Female,33,1991-09-11,대구 강남구 82길 82
00714ea3-dbef-45a4-824d-86e1bd1c6541,윤서연,Female,21,2003-05-04,부산 남구 79로 79
42e96e05-d927-4050-ac0d-ad806dfd6213,윤시우,Female,45,1979-10-27,대구 남구 6길 6
0cd9e49b-e29a-489e-99be-d6f2729ab3f9,이예준,Male,15,2009-01-04,부산 강서구 5로 5
a05dd923-d963-4041-9f0f-0d8d10cc2c21,강지민,Male,56,1968-03-30,인천 강남구 1길 1
a643b377-7d41-467e-a6ff-c0b610a03d51,임서연,Male,64,1960-04-24,광주 북구 6길 6
c21c3440-679f-49ee-a7e0-8c951c1ce5aa,김민서,Female,27,1997-03-14,광주 관악구 38길 38
14a472dc-a9e5-4ba6-a06a-ed0f8bacdd36,강서현,Male,36,1988-10-07,광주 남구 100로 100
a41213aa-6e3c-44d7-bd6c-b32a86b77832,이예준,Male,32,1992-02-02,광주 강서구 4길 4
9890abca-d3e9-4abb-80aa-861cda639471,박시우,Male,30,1994-07-08,대구 서초구 22길 22
e4441e29-14f8-4bb1-aef5-2db8ce75176e,장서윤,Male,52,1972-03-21,인천 서구 52길 52
ad4ad6f0-0e6a-4c51-8c9c-a50fe84dbf46,최시우,Male,60,1964-05-13,대구 강서구 29로 29
f8341a6f-c793-43b2-a697-aebec4a4d399,장서준,Male,29,1995-12-24,광주 서구 84로 84
0b2618a0-1961-4a82-a679-9b8a0d7e56ba,김준우,Female,17,2007-12-30,대구 동구 20길 20
c3f7a8f3-9add-4404-80ab-8137d6626dd3,임예준,Female,22,2002-07-29,인천 북구 43길 43
43b6568f-26e1-4d8b-acb1-2bc7861ff501,정지유,Male,33,1991-10-29,대구 유성구 50로 50
930f4d2d-af41-4d73-b38e-f320eec58acb,임서현,Male,50,1974-09-16,대구 북구 21길 21
82c8d68d-29fc-4978-ac91-4d6426a38c82,이지우,Male,22,2002-07-11,대구 관악구 81길 81
5bf624d3-fbef-4973-b95e-e03b1a135720,윤하윤,Female,21,2003-01-20,광주 남구 25로 25
1baf16c2-8a00-4001-a6bd-cb8380819f4e,김지후,Male,54,1970-07-13,서울 용산구 88로 88
a7d0347f-cfc6-4e71-9efe-7ab1286755fc,정서윤,Male,28,1996-07-30,대구 서초구 87로 87
68a3917d-ce7a-484e-9108-0637389fad08,윤서연,Male,59,1965-09-08,광주 동구 15길 15
2dc506c1-eb29-42aa-b652-d5bfb522ab41,장서준,Male,17,2007-03-04,부산 서구 87로 87
27bcf02d-3835-4aec-9fd2-8728ef435eed,김서윤,Female,28,1996-07-14,부산 강서구 14길 14
35663d5c-4231-4dbe-bf1b-1a73b2c61e26,장윤서,Male,28,1996-11-30,부산 북구 30길 30
f0e501b4-22d3-46a4-83eb-97b06afb7214,이서윤,Male,36,1988-04-15,부산 남구 61길 61
82099e04-4fd8-4a1d-abbb-d00c49ecaf37,이준우,Female,59,1965-01-28,대구 강남구 91로 91
3933124c-f775-4aed-af68-35160070835f,이지호,Male,36,1988-06-03,대구 서구 81길 81
6af4685c-c468-47f7-8cea-75a996b91521,김민서,Male,31,1993-04-10,광주 관악구 80로 80
d6d36b5b-2861-41ea-8110-985091a25bc4,윤서현,Female,57,1967-09-07,광주 서초구 11로 11
0fd8a893-d250-45e2-9929-458cd71ba458,정민준,Female,38,1986-11-20,인천 서초구 16로 16
92f84a6e-3546-497b-940b-fe20969e76e8,임서현,Female,39,1985-07-08,대전 강서구 32로 32
71d28345-f353-464c-9d83-7d46715feae8,김지우,Male,36,1988-03-11,대구 서구 65길 65
f1b84448-6097-491c-869b-35dd14126916,정도윤,Male,32,1992-01-17,인천 관악구 1길 1
4bf0044d-cbf8-47e5-bd54-eda37c7c9b27,정지유,Female,56,1968-05-15,대전 강남구 85로 85
08174657-de5e-42d3-b7eb-3b1e586ecf58,박하준,Female,58,1966-07-25,대전 유성구 79길 79
a6701370-84b2-4580-86d7-a4e4bd27203d,박지유,Female,22,2002-07-30,인천 강서구 33로 33
bd3e92b7-092c-4461-ae38-7d775a510763,이민준,Male,46,1978-10-17,부산 강남구 27로 27
d745f8e9-f5e4-4857-8f77-abc48aa44996,김시우,Male,16,2008-12-03,서울 동구 26길 26
a6c030a1-26e2-4c05-832e-bee372432411,최서준,Male,57,1967-10-16,광주 서구 39로 39
2640e08b-8613-4947-bcad-18e2828217e6,김지유,Male,31,1993-10-21,부산 관악구 74길 74
438522e6-abeb-4e54-b2cc-cd8665f0ad33,장서연,Male,52,1972-02-12,광주 강서구 71로 71
c86c435d-64ec-4d2b-98cd-eaec09a3b1de,강도윤,Female,31,1993-06-12,대구 남구 98로 98
8bc40413-8561-40e1-b4ed-8e3e49facc64,이서윤,Female,44,1980-06-30,서울 서구 47길 47
4a01f07d-072a-4363-9dde-6f9e83015b0e,조시우,Female,25,1999-06-18,대구 강서구 73길 73
